2026-01-24 16:49:14,122 INFO Set uid to user 0 succeeded
2026-01-24 16:49:14,125 INFO supervisord started with pid 1
2026-01-24 16:49:15,128 INFO spawned: 'nginx' with pid 19
2026-01-24 16:49:15,129 INFO spawnerr: can't find command '/usr/sbin/cron'
2026-01-24 16:49:15,229 INFO exited: nginx (exit status 0; not expected)
2026-01-24 16:49:16,233 INFO spawned: 'nginx' with pid 23
2026-01-24 16:49:16,234 INFO spawnerr: can't find command '/usr/sbin/cron'
2026-01-24 16:49:17,256 INFO success: nginx entered RUNNING state, process has stayed up for > than 1 seconds (startsecs)
2026-01-24 16:49:18,257 INFO spawnerr: can't find command '/usr/sbin/cron'
2026-01-24 16:49:18,759 INFO exited: nginx (exit status 1; not expected)
2026-01-24 16:49:19,762 INFO spawned: 'nginx' with pid 24
2026-01-24 16:49:20,785 INFO success: nginx entered RUNNING state, process has stayed up for > than 1 seconds (startsecs)
2026-01-24 16:49:21,285 INFO spawnerr: can't find command '/usr/sbin/cron'
2026-01-24 16:49:21,286 INFO gave up: cron entered FATAL state, too many start retries too quickly
2026-01-24 16:49:22,287 INFO exited: nginx (exit status 1; not expected)
2026-01-24 16:49:23,291 INFO spawned: 'nginx' with pid 25
2026-01-24 16:49:24,314 INFO success: nginx entered RUNNING state, process has stayed up for > than 1 seconds (startsecs)
2026-01-24 16:49:25,821 INFO exited: nginx (exit status 1; not expected)
2026-01-24 16:49:26,827 INFO spawned: 'nginx' with pid 26
2026-01-24 16:49:27,885 INFO success: nginx entered RUNNING state, process has stayed up for > than 1 seconds (startsecs)
2026-01-24 16:49:29,391 INFO exited: nginx (exit status 1; not expected)
2026-01-24 16:49:30,398 INFO spawned: 'nginx' with pid 27
2026-01-24 16:49:31,458 INFO success: nginx entered RUNNING state, process has stayed up for > than 1 seconds (startsecs)
2026-01-24 16:49:32,964 INFO exited: nginx (exit status 1; not expected)
2026-01-24 16:49:33,971 INFO spawned: 'nginx' with pid 28
2026-01-24 16:49:34,994 INFO success: nginx entered RUNNING state, process has stayed up for > than 1 seconds (startsecs)
2026-01-24 16:49:36,499 INFO exited: nginx (exit status 1; not expected)
2026-01-24 16:49:37,506 INFO spawned: 'nginx' with pid 29
2026-01-24 16:49:38,566 INFO success: nginx entered RUNNING state, process has stayed up for > than 1 seconds (startsecs)
2026-01-24 16:49:40,069 INFO exited: nginx (exit status 1; not expected)
2026-01-24 16:49:41,075 INFO spawned: 'nginx' with pid 30
2026-01-24 16:49:42,099 INFO success: nginx entered RUNNING state, process has stayed up for > than 1 seconds (startsecs)
2026-01-24 16:49:43,605 INFO exited: nginx (exit status 1; not expected)
2026-01-24 16:49:44,612 INFO spawned: 'nginx' with pid 31
2026-01-24 16:49:45,676 INFO success: nginx entered RUNNING state, process has stayed up for > than 1 seconds (startsecs)
2026-01-24 16:49:47,182 INFO exited: nginx (exit status 1; not expected)
2026-01-24 16:49:48,187 INFO spawned: 'nginx' with pid 32
2026-01-24 16:49:49,211 INFO success: nginx entered RUNNING state, process has stayed up for > than 1 seconds (startsecs)
2026-01-24 16:49:50,715 INFO exited: nginx (exit status 1; not expected)
2026-01-24 16:49:51,719 INFO spawned: 'nginx' with pid 33
2026-01-24 16:49:52,776 INFO success: nginx entered RUNNING state, process has stayed up for > than 1 seconds (startsecs)
2026-01-24 16:49:54,281 INFO exited: nginx (exit status 1; not expected)
2026-01-24 16:49:55,285 INFO spawned: 'nginx' with pid 34
2026-01-24 16:49:56,310 INFO success: nginx entered RUNNING state, process has stayed up for > than 1 seconds (startsecs)
2026-01-24 16:49:57,813 INFO exited: nginx (exit status 1; not expected)
2026-01-24 16:49:58,817 INFO spawned: 'nginx' with pid 35
2026-01-24 16:49:59,841 INFO success: nginx entered RUNNING state, process has stayed up for > than 1 seconds (startsecs)
2026-01-24 16:50:01,347 INFO exited: nginx (exit status 1; not expected)
2026-01-24 16:50:02,350 INFO spawned: 'nginx' with pid 36
2026-01-24 16:50:03,375 INFO success: nginx entered RUNNING state, process has stayed up for > than 1 seconds (startsecs)
2026-01-24 16:50:04,880 INFO exited: nginx (exit status 1; not expected)
2026-01-24 16:50:05,887 INFO spawned: 'nginx' with pid 37
2026-01-24 16:50:06,909 INFO success: nginx entered RUNNING state, process has stayed up for > than 1 seconds (startsecs)
2026-01-24 16:50:08,417 INFO exited: nginx (exit status 1; not expected)
2026-01-24 16:50:09,423 INFO spawned: 'nginx' with pid 38
2026-01-24 16:50:10,495 INFO success: nginx entered RUNNING state, process has stayed up for > than 1 seconds (startsecs)
2026-01-24 16:50:11,998 INFO exited: nginx (exit status 1; not expected)
2026-01-24 16:50:13,001 INFO spawned: 'nginx' with pid 39
2026-01-24 16:50:14,025 INFO success: nginx entered RUNNING state, process has stayed up for > than 1 seconds (startsecs)
2026-01-24 16:50:15,531 INFO exited: nginx (exit status 1; not expected)
2026-01-24 16:50:16,537 INFO spawned: 'nginx' with pid 40
2026-01-24 16:50:17,598 INFO success: nginx entered RUNNING state, process has stayed up for > than 1 seconds (startsecs)
2026-01-24 16:50:19,104 INFO exited: nginx (exit status 1; not expected)
2026-01-24 16:50:20,110 INFO spawned: 'nginx' with pid 41
2026-01-24 16:50:21,171 INFO success: nginx entered RUNNING state, process has stayed up for > than 1 seconds (startsecs)
2026-01-24 16:50:22,674 INFO exited: nginx (exit status 1; not expected)
2026-01-24 16:50:23,677 INFO spawned: 'nginx' with pid 42
2026-01-24 16:50:24,701 INFO success: nginx entered RUNNING state, process has stayed up for > than 1 seconds (startsecs)
2026-01-24 16:50:26,204 INFO exited: nginx (exit status 1; not expected)
2026-01-24 16:50:27,207 INFO spawned: 'nginx' with pid 43
2026-01-24 16:50:28,231 INFO success: nginx entered RUNNING state, process has stayed up for > than 1 seconds (startsecs)
2026-01-24 16:50:29,736 INFO exited: nginx (exit status 1; not expected)
2026-01-24 16:50:30,740 INFO spawned: 'nginx' with pid 44
2026-01-24 16:50:31,763 INFO success: nginx entered RUNNING state, process has stayed up for > than 1 seconds (startsecs)
2026-01-24 16:50:33,265 INFO exited: nginx (exit status 1; not expected)
2026-01-24 16:50:34,269 INFO spawned: 'nginx' with pid 45
2026-01-24 16:50:35,291 INFO success: nginx entered RUNNING state, process has stayed up for > than 1 seconds (startsecs)
2026-01-24 16:50:36,797 INFO exited: nginx (exit status 1; not expected)
2026-01-24 16:50:37,803 INFO spawned: 'nginx' with pid 46
2026-01-24 16:50:38,866 INFO success: nginx entered RUNNING state, process has stayed up for > than 1 seconds (startsecs)
2026-01-24 16:50:40,370 INFO exited: nginx (exit status 1; not expected)
2026-01-24 16:50:41,373 INFO spawned: 'nginx' with pid 47
2026-01-24 16:50:42,398 INFO success: nginx entered RUNNING state, process has stayed up for > than 1 seconds (startsecs)
2026-01-24 16:50:43,901 INFO exited: nginx (exit status 1; not expected)
2026-01-24 16:50:44,904 INFO spawned: 'nginx' with pid 48
2026-01-24 16:50:45,928 INFO success: nginx entered RUNNING state, process has stayed up for > than 1 seconds (startsecs)
2026-01-24 16:50:47,433 INFO exited: nginx (exit status 1; not expected)
2026-01-24 16:50:48,439 INFO spawned: 'nginx' with pid 49
2026-01-24 16:50:49,496 INFO success: nginx entered RUNNING state, process has stayed up for > than 1 seconds (startsecs)
2026-01-24 16:50:50,999 INFO exited: nginx (exit status 1; not expected)
2026-01-24 16:50:52,002 INFO spawned: 'nginx' with pid 50
2026-01-24 16:50:53,027 INFO success: nginx entered RUNNING state, process has stayed up for > than 1 seconds (startsecs)
2026-01-24 16:50:54,532 INFO exited: nginx (exit status 1; not expected)
2026-01-24 16:50:55,538 INFO spawned: 'nginx' with pid 51
2026-01-24 16:50:56,597 INFO success: nginx entered RUNNING state, process has stayed up for > than 1 seconds (startsecs)
2026-01-24 16:50:58,099 INFO exited: nginx (exit status 1; not expected)
2026-01-24 16:50:59,103 INFO spawned: 'nginx' with pid 52
2026-01-24 16:51:00,126 INFO success: nginx entered RUNNING state, process has stayed up for > than 1 seconds (startsecs)
2026-01-24 16:51:01,629 INFO exited: nginx (exit status 1; not expected)
2026-01-24 16:51:02,632 INFO spawned: 'nginx' with pid 53
2026-01-24 16:51:03,656 INFO success: nginx entered RUNNING state, process has stayed up for > than 1 seconds (startsecs)
2026-01-24 16:51:05,158 INFO exited: nginx (exit status 1; not expected)
2026-01-24 16:51:06,162 INFO spawned: 'nginx' with pid 54
2026-01-24 16:51:07,185 INFO success: nginx entered RUNNING state, process has stayed up for > than 1 seconds (startsecs)
2026-01-24 16:51:08,687 INFO exited: nginx (exit status 1; not expected)
2026-01-24 16:51:09,691 INFO spawned: 'nginx' with pid 55
2026-01-24 16:51:10,715 INFO success: nginx entered RUNNING state, process has stayed up for > than 1 seconds (startsecs)
2026-01-24 16:51:12,217 INFO exited: nginx (exit status 1; not expected)
2026-01-24 16:51:13,223 INFO spawned: 'nginx' with pid 56
2026-01-24 16:51:14,284 INFO success: nginx entered RUNNING state, process has stayed up for > than 1 seconds (startsecs)
2026-01-24 16:51:15,789 INFO exited: nginx (exit status 1; not expected)
2026-01-24 16:51:16,795 INFO spawned: 'nginx' with pid 57
2026-01-24 16:51:17,853 INFO success: nginx entered RUNNING state, process has stayed up for > than 1 seconds (startsecs)
2026-01-24 16:51:19,355 INFO exited: nginx (exit status 1; not expected)
2026-01-24 16:51:20,359 INFO spawned: 'nginx' with pid 58
2026-01-24 16:51:21,384 INFO success: nginx entered RUNNING state, process has stayed up for > than 1 seconds (startsecs)
2026-01-24 16:51:22,887 INFO exited: nginx (exit status 1; not expected)
2026-01-24 16:51:23,892 INFO spawned: 'nginx' with pid 59
2026-01-24 16:51:24,950 INFO success: nginx entered RUNNING state, process has stayed up for > than 1 seconds (startsecs)
2026-01-24 16:51:26,456 INFO exited: nginx (exit status 1; not expected)
2026-01-24 16:51:27,463 INFO spawned: 'nginx' with pid 60
2026-01-24 16:51:28,522 INFO success: nginx entered RUNNING state, process has stayed up for > than 1 seconds (startsecs)
2026-01-24 16:51:30,028 INFO exited: nginx (exit status 1; not expected)
2026-01-24 16:51:31,031 INFO spawned: 'nginx' with pid 61
2026-01-24 16:51:32,055 INFO success: nginx entered RUNNING state, process has stayed up for > than 1 seconds (startsecs)
2026-01-24 16:51:33,557 INFO exited: nginx (exit status 1; not expected)
2026-01-24 16:51:33,560 INFO spawned: 'nginx' with pid 106
2026-01-24 16:51:34,587 INFO success: nginx entered RUNNING state, process has stayed up for > than 1 seconds (startsecs)
2026-01-24 16:51:36,093 INFO exited: nginx (exit status 1; not expected)
2026-01-24 16:51:37,098 INFO spawned: 'nginx' with pid 120
2026-01-24 16:51:38,126 INFO success: nginx entered RUNNING state, process has stayed up for > than 1 seconds (startsecs)
2026-01-24 16:51:39,628 INFO exited: nginx (exit status 1; not expected)
2026-01-24 16:51:40,632 INFO spawned: 'nginx' with pid 121
2026-01-24 16:51:41,655 INFO success: nginx entered RUNNING state, process has stayed up for > than 1 seconds (startsecs)
2026-01-24 16:51:43,158 INFO exited: nginx (exit status 1; not expected)
2026-01-24 16:51:44,161 INFO spawned: 'nginx' with pid 122
2026-01-24 16:51:45,184 INFO success: nginx entered RUNNING state, process has stayed up for > than 1 seconds (startsecs)
2026-01-24 16:51:46,686 INFO exited: nginx (exit status 1; not expected)
2026-01-24 16:51:47,690 INFO spawned: 'nginx' with pid 123
2026-01-24 16:51:48,719 INFO success: nginx entered RUNNING state, process has stayed up for > than 1 seconds (startsecs)
2026-01-24 16:51:50,221 INFO exited: nginx (exit status 1; not expected)
2026-01-24 16:51:51,225 INFO spawned: 'nginx' with pid 124
2026-01-24 16:51:52,248 INFO success: nginx entered RUNNING state, process has stayed up for > than 1 seconds (startsecs)
2026-01-24 16:51:53,750 INFO exited: nginx (exit status 1; not expected)
2026-01-24 16:51:54,754 INFO spawned: 'nginx' with pid 125
2026-01-24 16:51:55,776 INFO success: nginx entered RUNNING state, process has stayed up for > than 1 seconds (startsecs)
2026-01-24 16:51:57,282 INFO exited: nginx (exit status 1; not expected)
2026-01-24 16:51:58,286 INFO spawned: 'nginx' with pid 126
2026-01-24 16:51:59,310 INFO success: nginx entered RUNNING state, process has stayed up for > than 1 seconds (startsecs)
2026-01-24 16:52:00,814 INFO exited: nginx (exit status 1; not expected)
2026-01-24 16:52:01,820 INFO spawned: 'nginx' with pid 127
2026-01-24 16:52:02,902 INFO success: nginx entered RUNNING state, process has stayed up for > than 1 seconds (startsecs)
2026-01-24 16:52:04,408 INFO exited: nginx (exit status 1; not expected)
2026-01-24 16:52:05,414 INFO spawned: 'nginx' with pid 128
2026-01-24 16:52:06,494 INFO success: nginx entered RUNNING state, process has stayed up for > than 1 seconds (startsecs)
2026-01-24 16:52:08,000 INFO exited: nginx (exit status 1; not expected)
2026-01-24 16:52:09,004 INFO spawned: 'nginx' with pid 129
2026-01-24 16:52:10,027 INFO success: nginx entered RUNNING state, process has stayed up for > than 1 seconds (startsecs)
2026-01-24 16:52:11,530 INFO exited: nginx (exit status 1; not expected)
2026-01-24 16:52:12,533 INFO spawned: 'nginx' with pid 130
2026-01-24 16:52:13,559 INFO success: nginx entered RUNNING state, process has stayed up for > than 1 seconds (startsecs)
2026-01-24 16:52:15,065 INFO exited: nginx (exit status 1; not expected)
2026-01-24 16:52:16,071 INFO spawned: 'nginx' with pid 131
2026-01-24 16:52:17,132 INFO success: nginx entered RUNNING state, process has stayed up for > than 1 seconds (startsecs)
2026-01-24 16:52:18,637 INFO exited: nginx (exit status 1; not expected)
2026-01-24 16:52:19,645 INFO spawned: 'nginx' with pid 132
2026-01-24 16:52:20,703 INFO success: nginx entered RUNNING state, process has stayed up for > than 1 seconds (startsecs)
2026-01-24 16:52:22,206 INFO exited: nginx (exit status 1; not expected)
2026-01-24 16:52:23,212 INFO spawned: 'nginx' with pid 133
2026-01-24 16:52:24,276 INFO success: nginx entered RUNNING state, process has stayed up for > than 1 seconds (startsecs)
2026-01-24 16:52:25,782 INFO exited: nginx (exit status 1; not expected)
2026-01-24 16:52:26,788 INFO spawned: 'nginx' with pid 134
2026-01-24 16:52:27,845 INFO success: nginx entered RUNNING state, process has stayed up for > than 1 seconds (startsecs)
2026-01-24 16:52:29,352 INFO exited: nginx (exit status 1; not expected)
2026-01-24 16:52:30,355 INFO spawned: 'nginx' with pid 135
2026-01-24 16:52:31,383 INFO success: nginx entered RUNNING state, process has stayed up for > than 1 seconds (startsecs)
2026-01-24 16:52:32,886 INFO exited: nginx (exit status 1; not expected)
2026-01-24 16:52:33,891 INFO spawned: 'nginx' with pid 136
2026-01-24 16:52:34,950 INFO success: nginx entered RUNNING state, process has stayed up for > than 1 seconds (startsecs)
2026-01-24 16:52:36,456 INFO exited: nginx (exit status 1; not expected)
2026-01-24 16:52:37,462 INFO spawned: 'nginx' with pid 137
2026-01-24 16:52:38,522 INFO success: nginx entered RUNNING state, process has stayed up for > than 1 seconds (startsecs)
2026-01-24 16:52:40,028 INFO exited: nginx (exit status 1; not expected)
2026-01-24 16:52:41,034 INFO spawned: 'nginx' with pid 138
2026-01-24 16:52:42,121 INFO success: nginx entered RUNNING state, process has stayed up for > than 1 seconds (startsecs)
2026-01-24 16:52:43,625 INFO exited: nginx (exit status 1; not expected)
2026-01-24 16:52:44,628 INFO spawned: 'nginx' with pid 139
2026-01-24 16:52:45,652 INFO success: nginx entered RUNNING state, process has stayed up for > than 1 seconds (startsecs)
2026-01-24 16:52:47,156 INFO exited: nginx (exit status 1; not expected)
2026-01-24 16:52:48,160 INFO spawned: 'nginx' with pid 140
2026-01-24 16:52:49,183 INFO success: nginx entered RUNNING state, process has stayed up for > than 1 seconds (startsecs)
2026-01-24 16:52:50,685 INFO exited: nginx (exit status 1; not expected)
2026-01-24 16:52:51,689 INFO spawned: 'nginx' with pid 141
2026-01-24 16:52:52,711 INFO success: nginx entered RUNNING state, process has stayed up for > than 1 seconds (startsecs)
2026-01-24 16:52:55,215 INFO exited: nginx (exit status 1; not expected)
2026-01-24 16:52:56,221 INFO spawned: 'nginx' with pid 142
2026-01-24 16:52:56,224 WARN received SIGTERM indicating exit request
2026-01-24 16:52:56,225 INFO waiting for nginx to die
2026-01-24 16:52:56,281 INFO stopped: nginx (terminated by SIGTERM)
2026-01-24 16:52:58,246 INFO Set uid to user 0 succeeded
2026-01-24 16:52:58,249 INFO supervisord started with pid 1
2026-01-24 16:52:59,256 INFO spawned: 'nginx' with pid 79
2026-01-24 16:52:59,260 INFO spawnerr: can't find command '/usr/sbin/cron'
2026-01-24 16:52:59,355 INFO exited: nginx (exit status 0; not expected)
2026-01-24 16:53:00,362 INFO spawned: 'nginx' with pid 83
2026-01-24 16:53:00,365 INFO spawnerr: can't find command '/usr/sbin/cron'
2026-01-24 16:53:01,422 INFO success: nginx entered RUNNING state, process has stayed up for > than 1 seconds (startsecs)
2026-01-24 16:53:02,423 INFO spawnerr: can't find command '/usr/sbin/cron'
2026-01-24 16:53:02,924 INFO exited: nginx (exit status 1; not expected)
2026-01-24 16:53:03,927 INFO spawned: 'nginx' with pid 84
2026-01-24 16:53:04,950 INFO success: nginx entered RUNNING state, process has stayed up for > than 1 seconds (startsecs)
2026-01-24 16:53:05,450 INFO spawnerr: can't find command '/usr/sbin/cron'
2026-01-24 16:53:05,450 INFO gave up: cron entered FATAL state, too many start retries too quickly
2026-01-24 16:53:06,452 INFO exited: nginx (exit status 1; not expected)
2026-01-24 16:53:07,458 INFO spawned: 'nginx' with pid 85
2026-01-24 16:53:08,516 INFO success: nginx entered RUNNING state, process has stayed up for > than 1 seconds (startsecs)
2026-01-24 16:53:10,022 INFO exited: nginx (exit status 1; not expected)
2026-01-24 16:53:11,026 INFO spawned: 'nginx' with pid 86
2026-01-24 16:53:12,049 INFO success: nginx entered RUNNING state, process has stayed up for > than 1 seconds (startsecs)
2026-01-24 16:53:13,555 INFO exited: nginx (exit status 1; not expected)
2026-01-24 16:53:14,559 INFO spawned: 'nginx' with pid 87
2026-01-24 16:53:15,582 INFO success: nginx entered RUNNING state, process has stayed up for > than 1 seconds (startsecs)
2026-01-24 16:53:17,091 INFO exited: nginx (exit status 1; not expected)
2026-01-24 16:53:18,094 INFO spawned: 'nginx' with pid 88
2026-01-24 16:53:19,122 INFO success: nginx entered RUNNING state, process has stayed up for > than 1 seconds (startsecs)
2026-01-24 16:53:20,625 INFO exited: nginx (exit status 1; not expected)
2026-01-24 16:53:21,628 INFO spawned: 'nginx' with pid 89
2026-01-24 16:53:22,651 INFO success: nginx entered RUNNING state, process has stayed up for > than 1 seconds (startsecs)
2026-01-24 16:53:24,154 INFO exited: nginx (exit status 1; not expected)
2026-01-24 16:53:25,158 INFO spawned: 'nginx' with pid 90
2026-01-24 16:53:26,201 INFO success: nginx entered RUNNING state, process has stayed up for > than 1 seconds (startsecs)
2026-01-24 16:53:27,706 INFO exited: nginx (exit status 1; not expected)
2026-01-24 16:53:28,713 INFO spawned: 'nginx' with pid 91
2026-01-24 16:53:29,770 INFO success: nginx entered RUNNING state, process has stayed up for > than 1 seconds (startsecs)
2026-01-24 16:53:31,276 INFO exited: nginx (exit status 1; not expected)
2026-01-24 16:53:32,280 INFO spawned: 'nginx' with pid 92
2026-01-24 16:53:33,304 INFO success: nginx entered RUNNING state, process has stayed up for > than 1 seconds (startsecs)
2026-01-24 16:53:34,807 INFO exited: nginx (exit status 1; not expected)
2026-01-24 16:53:35,810 INFO spawned: 'nginx' with pid 93
2026-01-24 16:53:36,833 INFO success: nginx entered RUNNING state, process has stayed up for > than 1 seconds (startsecs)
2026-01-24 16:53:38,338 INFO exited: nginx (exit status 1; not expected)
2026-01-24 16:53:39,344 INFO spawned: 'nginx' with pid 94
2026-01-24 16:53:40,402 INFO success: nginx entered RUNNING state, process has stayed up for > than 1 seconds (startsecs)
2026-01-24 16:53:41,907 INFO exited: nginx (exit status 1; not expected)
2026-01-24 16:53:42,913 INFO spawned: 'nginx' with pid 95
2026-01-24 16:53:43,974 INFO success: nginx entered RUNNING state, process has stayed up for > than 1 seconds (startsecs)
2026-01-24 16:53:45,480 INFO exited: nginx (exit status 1; not expected)
2026-01-24 16:53:46,484 INFO spawned: 'nginx' with pid 96
2026-01-24 16:53:47,523 INFO success: nginx entered RUNNING state, process has stayed up for > than 1 seconds (startsecs)
2026-01-24 16:53:49,029 INFO exited: nginx (exit status 1; not expected)
2026-01-24 16:53:50,033 INFO spawned: 'nginx' with pid 97
2026-01-24 16:53:51,058 INFO success: nginx entered RUNNING state, process has stayed up for > than 1 seconds (startsecs)
2026-01-24 16:53:52,561 INFO exited: nginx (exit status 1; not expected)
2026-01-24 16:53:53,564 INFO spawned: 'nginx' with pid 98
2026-01-24 16:53:54,588 INFO success: nginx entered RUNNING state, process has stayed up for > than 1 seconds (startsecs)
2026-01-24 16:53:56,093 INFO exited: nginx (exit status 1; not expected)
2026-01-24 16:53:57,097 INFO spawned: 'nginx' with pid 99
2026-01-24 16:53:58,127 INFO success: nginx entered RUNNING state, process has stayed up for > than 1 seconds (startsecs)
2026-01-24 16:53:58,127 WARN received SIGTERM indicating exit request
2026-01-24 16:53:58,128 INFO waiting for nginx to die
2026-01-24 16:53:58,631 INFO stopped: nginx (terminated by SIGTERM)
2026-01-24 16:54:00,015 INFO Set uid to user 0 succeeded
2026-01-24 16:54:00,019 INFO supervisord started with pid 1
2026-01-24 16:54:01,022 INFO spawned: 'nginx' with pid 84
2026-01-24 16:54:01,023 INFO spawnerr: can't find command '/usr/sbin/cron'
2026-01-24 16:54:01,088 INFO exited: nginx (exit status 0; not expected)
2026-01-24 16:54:02,091 INFO spawned: 'nginx' with pid 88
2026-01-24 16:54:02,092 INFO spawnerr: can't find command '/usr/sbin/cron'
2026-01-24 16:54:03,115 INFO success: nginx entered RUNNING state, process has stayed up for > than 1 seconds (startsecs)
2026-01-24 16:54:04,116 INFO spawnerr: can't find command '/usr/sbin/cron'
2026-01-24 16:54:04,618 INFO exited: nginx (exit status 1; not expected)
2026-01-24 16:54:05,622 INFO spawned: 'nginx' with pid 89
2026-01-24 16:54:06,650 INFO success: nginx entered RUNNING state, process has stayed up for > than 1 seconds (startsecs)
2026-01-24 16:54:07,150 INFO spawnerr: can't find command '/usr/sbin/cron'
2026-01-24 16:54:07,151 INFO gave up: cron entered FATAL state, too many start retries too quickly
2026-01-24 16:54:08,152 INFO exited: nginx (exit status 1; not expected)
2026-01-24 16:54:09,156 INFO spawned: 'nginx' with pid 90
2026-01-24 16:54:10,180 INFO success: nginx entered RUNNING state, process has stayed up for > than 1 seconds (startsecs)
2026-01-24 16:54:11,683 INFO exited: nginx (exit status 1; not expected)
2026-01-24 16:54:12,687 INFO spawned: 'nginx' with pid 91
2026-01-24 16:54:13,712 INFO success: nginx entered RUNNING state, process has stayed up for > than 1 seconds (startsecs)
2026-01-24 16:54:15,218 INFO exited: nginx (exit status 1; not expected)
2026-01-24 16:54:16,224 INFO spawned: 'nginx' with pid 92
2026-01-24 16:54:17,286 INFO success: nginx entered RUNNING state, process has stayed up for > than 1 seconds (startsecs)
2026-01-24 16:54:18,792 INFO exited: nginx (exit status 1; not expected)
2026-01-24 16:54:19,796 INFO spawned: 'nginx' with pid 93
2026-01-24 16:54:20,820 INFO success: nginx entered RUNNING state, process has stayed up for > than 1 seconds (startsecs)
2026-01-24 16:54:22,322 INFO exited: nginx (exit status 1; not expected)
2026-01-24 16:54:23,325 INFO spawned: 'nginx' with pid 94
2026-01-24 16:54:24,348 INFO success: nginx entered RUNNING state, process has stayed up for > than 1 seconds (startsecs)
2026-01-24 16:54:25,851 INFO exited: nginx (exit status 1; not expected)
2026-01-24 16:54:26,854 INFO spawned: 'nginx' with pid 95
2026-01-24 16:54:27,882 INFO success: nginx entered RUNNING state, process has stayed up for > than 1 seconds (startsecs)
2026-01-24 16:54:29,384 INFO exited: nginx (exit status 1; not expected)
2026-01-24 16:54:30,387 INFO spawned: 'nginx' with pid 96
2026-01-24 16:54:31,410 INFO success: nginx entered RUNNING state, process has stayed up for > than 1 seconds (startsecs)
2026-01-24 16:54:32,913 INFO exited: nginx (exit status 1; not expected)
2026-01-24 16:54:33,917 INFO spawned: 'nginx' with pid 97
2026-01-24 16:54:34,953 INFO success: nginx entered RUNNING state, process has stayed up for > than 1 seconds (startsecs)
2026-01-24 16:54:36,456 INFO exited: nginx (exit status 1; not expected)
2026-01-24 16:54:37,460 INFO spawned: 'nginx' with pid 98
2026-01-24 16:54:38,493 INFO success: nginx entered RUNNING state, process has stayed up for > than 1 seconds (startsecs)
2026-01-24 16:54:39,998 INFO exited: nginx (exit status 1; not expected)
2026-01-24 16:54:40,002 INFO spawned: 'nginx' with pid 99
2026-01-24 16:54:41,042 INFO success: nginx entered RUNNING state, process has stayed up for > than 1 seconds (startsecs)
2026-01-24 16:54:42,546 INFO exited: nginx (exit status 1; not expected)
2026-01-24 16:54:43,550 INFO spawned: 'nginx' with pid 100
2026-01-24 16:54:44,578 INFO success: nginx entered RUNNING state, process has stayed up for > than 1 seconds (startsecs)
2026-01-24 16:54:46,084 INFO exited: nginx (exit status 1; not expected)
2026-01-24 16:54:47,090 INFO spawned: 'nginx' with pid 101
2026-01-24 16:54:48,171 INFO success: nginx entered RUNNING state, process has stayed up for > than 1 seconds (startsecs)
2026-01-24 16:54:49,676 INFO exited: nginx (exit status 1; not expected)
2026-01-24 16:54:50,687 INFO spawned: 'nginx' with pid 102
2026-01-24 16:54:51,725 INFO success: nginx entered RUNNING state, process has stayed up for > than 1 seconds (startsecs)
2026-01-24 16:54:52,225 WARN received SIGTERM indicating exit request
2026-01-24 16:54:52,226 INFO waiting for nginx to die
2026-01-24 16:54:52,727 INFO stopped: nginx (terminated by SIGTERM)
2026-01-24 16:54:54,071 INFO Set uid to user 0 succeeded
2026-01-24 16:54:54,074 INFO supervisord started with pid 1
2026-01-24 16:54:55,080 INFO spawned: 'nginx' with pid 84
2026-01-24 16:54:55,082 INFO spawnerr: can't find command '/usr/sbin/cron'
2026-01-24 16:54:55,179 INFO exited: nginx (exit status 0; not expected)
2026-01-24 16:54:56,187 INFO spawned: 'nginx' with pid 88
2026-01-24 16:54:56,189 INFO spawnerr: can't find command '/usr/sbin/cron'
2026-01-24 16:54:57,240 INFO success: nginx entered RUNNING state, process has stayed up for > than 1 seconds (startsecs)
2026-01-24 16:54:58,240 INFO spawnerr: can't find command '/usr/sbin/cron'
2026-01-24 16:54:58,742 INFO exited: nginx (exit status 1; not expected)
2026-01-24 16:54:59,746 INFO spawned: 'nginx' with pid 89
2026-01-24 16:55:00,772 INFO success: nginx entered RUNNING state, process has stayed up for > than 1 seconds (startsecs)
2026-01-24 16:55:01,273 INFO spawnerr: can't find command '/usr/sbin/cron'
2026-01-24 16:55:01,273 INFO gave up: cron entered FATAL state, too many start retries too quickly
2026-01-24 16:55:02,275 INFO exited: nginx (exit status 1; not expected)
2026-01-24 16:55:03,278 INFO spawned: 'nginx' with pid 90
2026-01-24 16:55:04,304 INFO success: nginx entered RUNNING state, process has stayed up for > than 1 seconds (startsecs)
2026-01-24 16:55:05,809 INFO exited: nginx (exit status 1; not expected)
2026-01-24 16:55:06,813 INFO spawned: 'nginx' with pid 91
2026-01-24 16:55:07,840 INFO success: nginx entered RUNNING state, process has stayed up for > than 1 seconds (startsecs)
2026-01-24 16:55:09,346 INFO exited: nginx (exit status 1; not expected)
2026-01-24 16:55:10,350 INFO spawned: 'nginx' with pid 92
2026-01-24 16:55:11,381 INFO success: nginx entered RUNNING state, process has stayed up for > than 1 seconds (startsecs)
2026-01-24 16:55:12,884 INFO exited: nginx (exit status 1; not expected)
2026-01-24 16:55:13,890 INFO spawned: 'nginx' with pid 93
2026-01-24 16:55:14,950 INFO success: nginx entered RUNNING state, process has stayed up for > than 1 seconds (startsecs)
2026-01-24 16:55:16,453 INFO exited: nginx (exit status 1; not expected)
2026-01-24 16:55:17,457 INFO spawned: 'nginx' with pid 94
2026-01-24 16:55:18,483 INFO success: nginx entered RUNNING state, process has stayed up for > than 1 seconds (startsecs)
2026-01-24 16:55:19,988 INFO exited: nginx (exit status 1; not expected)
2026-01-24 16:55:20,991 INFO spawned: 'nginx' with pid 95
2026-01-24 16:55:22,018 INFO success: nginx entered RUNNING state, process has stayed up for > than 1 seconds (startsecs)
2026-01-24 16:55:23,520 INFO exited: nginx (exit status 1; not expected)
2026-01-24 16:55:24,526 INFO spawned: 'nginx' with pid 96
2026-01-24 16:55:25,589 INFO success: nginx entered RUNNING state, process has stayed up for > than 1 seconds (startsecs)
2026-01-24 16:55:27,100 INFO exited: nginx (exit status 1; not expected)
2026-01-24 16:55:28,107 INFO spawned: 'nginx' with pid 97
2026-01-24 16:55:29,133 INFO success: nginx entered RUNNING state, process has stayed up for > than 1 seconds (startsecs)
2026-01-24 16:55:30,636 INFO exited: nginx (exit status 1; not expected)
2026-01-24 16:55:31,639 INFO spawned: 'nginx' with pid 98
2026-01-24 16:55:32,666 INFO success: nginx entered RUNNING state, process has stayed up for > than 1 seconds (startsecs)
2026-01-24 16:55:34,169 INFO exited: nginx (exit status 1; not expected)
2026-01-24 16:55:35,173 INFO spawned: 'nginx' with pid 99
2026-01-24 16:55:36,197 INFO success: nginx entered RUNNING state, process has stayed up for > than 1 seconds (startsecs)
2026-01-24 16:55:37,700 INFO exited: nginx (exit status 1; not expected)
2026-01-24 16:55:38,703 INFO spawned: 'nginx' with pid 100
2026-01-24 16:55:39,745 INFO success: nginx entered RUNNING state, process has stayed up for > than 1 seconds (startsecs)
2026-01-24 16:55:41,248 INFO exited: nginx (exit status 1; not expected)
2026-01-24 16:55:42,254 INFO spawned: 'nginx' with pid 101
2026-01-24 16:55:43,316 INFO success: nginx entered RUNNING state, process has stayed up for > than 1 seconds (startsecs)
2026-01-24 16:55:44,821 INFO exited: nginx (exit status 1; not expected)
2026-01-24 16:55:45,829 INFO spawned: 'nginx' with pid 102
2026-01-24 16:55:46,905 INFO success: nginx entered RUNNING state, process has stayed up for > than 1 seconds (startsecs)
2026-01-24 16:55:48,411 INFO exited: nginx (exit status 1; not expected)
2026-01-24 16:55:49,426 INFO spawned: 'nginx' with pid 103
2026-01-24 16:55:50,487 INFO success: nginx entered RUNNING state, process has stayed up for > than 1 seconds (startsecs)
2026-01-24 16:55:51,990 INFO exited: nginx (exit status 1; not expected)
2026-01-24 16:55:52,994 INFO spawned: 'nginx' with pid 104
2026-01-24 16:55:54,038 INFO success: nginx entered RUNNING state, process has stayed up for > than 1 seconds (startsecs)
2026-01-24 16:55:55,544 INFO exited: nginx (exit status 1; not expected)
2026-01-24 16:55:56,551 INFO spawned: 'nginx' with pid 105
2026-01-24 16:55:57,618 INFO success: nginx entered RUNNING state, process has stayed up for > than 1 seconds (startsecs)
2026-01-24 16:55:59,123 INFO exited: nginx (exit status 1; not expected)
2026-01-24 16:56:00,128 INFO spawned: 'nginx' with pid 106
2026-01-24 16:56:01,155 INFO success: nginx entered RUNNING state, process has stayed up for > than 1 seconds (startsecs)
2026-01-24 16:56:02,659 INFO exited: nginx (exit status 1; not expected)
2026-01-24 16:56:03,663 INFO spawned: 'nginx' with pid 107
2026-01-24 16:56:04,689 INFO success: nginx entered RUNNING state, process has stayed up for > than 1 seconds (startsecs)
2026-01-24 16:56:06,193 INFO exited: nginx (exit status 1; not expected)
2026-01-24 16:56:07,196 INFO spawned: 'nginx' with pid 108
2026-01-24 16:56:08,220 INFO success: nginx entered RUNNING state, process has stayed up for > than 1 seconds (startsecs)
2026-01-24 16:56:09,722 INFO exited: nginx (exit status 1; not expected)
2026-01-24 16:56:10,726 INFO spawned: 'nginx' with pid 109
2026-01-24 16:56:11,750 INFO success: nginx entered RUNNING state, process has stayed up for > than 1 seconds (startsecs)
2026-01-24 16:56:13,254 INFO exited: nginx (exit status 1; not expected)
2026-01-24 16:56:14,261 INFO spawned: 'nginx' with pid 110
2026-01-24 16:56:15,364 INFO success: nginx entered RUNNING state, process has stayed up for > than 1 seconds (startsecs)
2026-01-24 16:56:16,874 INFO exited: nginx (exit status 1; not expected)
2026-01-24 16:56:17,880 INFO spawned: 'nginx' with pid 111
2026-01-24 16:56:17,881 WARN received SIGTERM indicating exit request
2026-01-24 16:56:17,881 INFO waiting for nginx to die
2026-01-24 16:56:17,927 INFO stopped: nginx (terminated by SIGTERM)
2026-01-24 16:56:19,843 INFO Set uid to user 0 succeeded
2026-01-24 16:56:19,850 INFO supervisord started with pid 1
2026-01-24 16:56:20,854 INFO spawned: 'nginx' with pid 82
2026-01-24 16:56:20,855 INFO spawnerr: can't find command '/usr/sbin/cron'
2026-01-24 16:56:20,910 INFO exited: nginx (exit status 0; not expected)
2026-01-24 16:56:21,914 INFO spawned: 'nginx' with pid 86
2026-01-24 16:56:21,915 INFO spawnerr: can't find command '/usr/sbin/cron'
2026-01-24 16:56:22,949 INFO success: nginx entered RUNNING state, process has stayed up for > than 1 seconds (startsecs)
2026-01-24 16:56:23,949 INFO spawnerr: can't find command '/usr/sbin/cron'
2026-01-24 16:56:24,454 INFO exited: nginx (exit status 1; not expected)
2026-01-24 16:56:25,463 INFO spawned: 'nginx' with pid 87
2026-01-24 16:56:26,513 INFO success: nginx entered RUNNING state, process has stayed up for > than 1 seconds (startsecs)
2026-01-24 16:56:27,014 INFO spawnerr: can't find command '/usr/sbin/cron'
2026-01-24 16:56:27,014 INFO gave up: cron entered FATAL state, too many start retries too quickly
2026-01-24 16:56:28,016 INFO exited: nginx (exit status 1; not expected)
2026-01-24 16:56:29,019 INFO spawned: 'nginx' with pid 88
2026-01-24 16:56:30,048 INFO success: nginx entered RUNNING state, process has stayed up for > than 1 seconds (startsecs)
2026-01-24 16:56:31,552 INFO exited: nginx (exit status 1; not expected)
2026-01-24 16:56:32,559 INFO spawned: 'nginx' with pid 89
2026-01-24 16:56:33,621 INFO success: nginx entered RUNNING state, process has stayed up for > than 1 seconds (startsecs)
2026-01-24 16:56:35,123 INFO exited: nginx (exit status 1; not expected)
2026-01-24 16:56:36,129 INFO spawned: 'nginx' with pid 90
2026-01-24 16:56:37,188 INFO success: nginx entered RUNNING state, process has stayed up for > than 1 seconds (startsecs)
2026-01-24 16:56:38,690 INFO exited: nginx (exit status 1; not expected)
2026-01-24 16:56:39,695 INFO spawned: 'nginx' with pid 91
2026-01-24 16:56:40,721 INFO success: nginx entered RUNNING state, process has stayed up for > than 1 seconds (startsecs)
2026-01-24 16:56:42,224 INFO exited: nginx (exit status 1; not expected)
2026-01-24 16:56:43,227 INFO spawned: 'nginx' with pid 92
2026-01-24 16:56:44,264 INFO success: nginx entered RUNNING state, process has stayed up for > than 1 seconds (startsecs)
2026-01-24 16:56:45,768 INFO exited: nginx (exit status 1; not expected)
2026-01-24 16:56:46,772 INFO spawned: 'nginx' with pid 93
2026-01-24 16:56:47,797 INFO success: nginx entered RUNNING state, process has stayed up for > than 1 seconds (startsecs)
2026-01-24 16:56:49,299 INFO exited: nginx (exit status 1; not expected)
2026-01-24 16:56:50,304 INFO spawned: 'nginx' with pid 94
2026-01-24 16:56:51,333 INFO success: nginx entered RUNNING state, process has stayed up for > than 1 seconds (startsecs)
2026-01-24 16:56:52,837 INFO exited: nginx (exit status 1; not expected)
2026-01-24 16:56:53,844 INFO spawned: 'nginx' with pid 95
2026-01-24 16:56:54,890 INFO success: nginx entered RUNNING state, process has stayed up for > than 1 seconds (startsecs)
2026-01-24 16:56:56,392 INFO exited: nginx (exit status 1; not expected)
2026-01-24 16:56:57,396 INFO spawned: 'nginx' with pid 96
2026-01-24 16:56:58,422 INFO success: nginx entered RUNNING state, process has stayed up for > than 1 seconds (startsecs)
2026-01-24 16:56:59,925 INFO exited: nginx (exit status 1; not expected)
2026-01-24 16:57:00,930 INFO spawned: 'nginx' with pid 97
2026-01-24 16:57:01,956 INFO success: nginx entered RUNNING state, process has stayed up for > than 1 seconds (startsecs)
2026-01-24 16:57:03,459 INFO exited: nginx (exit status 1; not expected)
2026-01-24 16:57:04,462 INFO spawned: 'nginx' with pid 98
2026-01-24 16:57:05,504 INFO success: nginx entered RUNNING state, process has stayed up for > than 1 seconds (startsecs)
2026-01-24 16:57:07,008 INFO exited: nginx (exit status 1; not expected)
2026-01-24 16:57:08,011 INFO spawned: 'nginx' with pid 99
2026-01-24 16:57:09,035 INFO success: nginx entered RUNNING state, process has stayed up for > than 1 seconds (startsecs)
2026-01-24 16:57:10,540 INFO exited: nginx (exit status 1; not expected)
2026-01-24 16:57:11,546 INFO spawned: 'nginx' with pid 100
2026-01-24 16:57:12,605 INFO success: nginx entered RUNNING state, process has stayed up for > than 1 seconds (startsecs)
2026-01-24 16:57:14,108 INFO exited: nginx (exit status 1; not expected)
2026-01-24 16:57:15,114 INFO spawned: 'nginx' with pid 101
2026-01-24 16:57:16,174 INFO success: nginx entered RUNNING state, process has stayed up for > than 1 seconds (startsecs)
2026-01-24 16:57:17,679 INFO exited: nginx (exit status 1; not expected)
2026-01-24 16:57:18,685 INFO spawned: 'nginx' with pid 102
2026-01-24 16:57:19,754 INFO success: nginx entered RUNNING state, process has stayed up for > than 1 seconds (startsecs)
2026-01-24 16:57:21,257 INFO exited: nginx (exit status 1; not expected)
2026-01-24 16:57:22,260 INFO spawned: 'nginx' with pid 103
2026-01-24 16:57:23,286 INFO success: nginx entered RUNNING state, process has stayed up for > than 1 seconds (startsecs)
2026-01-24 16:57:24,788 INFO exited: nginx (exit status 1; not expected)
2026-01-24 16:57:25,792 INFO spawned: 'nginx' with pid 104
2026-01-24 16:57:26,816 INFO success: nginx entered RUNNING state, process has stayed up for > than 1 seconds (startsecs)
2026-01-24 16:57:28,319 INFO exited: nginx (exit status 1; not expected)
2026-01-24 16:57:29,325 INFO spawned: 'nginx' with pid 105
2026-01-24 16:57:30,353 INFO success: nginx entered RUNNING state, process has stayed up for > than 1 seconds (startsecs)
2026-01-24 16:57:31,353 WARN received SIGTERM indicating exit request
2026-01-24 16:57:31,353 INFO waiting for nginx to die
2026-01-24 16:57:31,856 INFO stopped: nginx (terminated by SIGTERM)
2026-01-24 16:57:32,991 INFO Set uid to user 0 succeeded
2026-01-24 16:57:32,994 INFO supervisord started with pid 1
2026-01-24 16:57:33,997 INFO spawned: 'nginx' with pid 83
2026-01-24 16:57:33,998 INFO spawnerr: can't find command '/usr/sbin/cron'
2026-01-24 16:57:34,039 INFO exited: nginx (exit status 0; not expected)
2026-01-24 16:57:35,046 INFO spawned: 'nginx' with pid 87
2026-01-24 16:57:35,048 INFO spawnerr: can't find command '/usr/sbin/cron'
2026-01-24 16:57:36,104 INFO success: nginx entered RUNNING state, process has stayed up for > than 1 seconds (startsecs)
2026-01-24 16:57:37,105 INFO spawnerr: can't find command '/usr/sbin/cron'
2026-01-24 16:57:37,609 INFO exited: nginx (exit status 1; not expected)
2026-01-24 16:57:38,615 INFO spawned: 'nginx' with pid 88
2026-01-24 16:57:39,689 INFO success: nginx entered RUNNING state, process has stayed up for > than 1 seconds (startsecs)
2026-01-24 16:57:40,190 INFO spawnerr: can't find command '/usr/sbin/cron'
2026-01-24 16:57:40,191 INFO gave up: cron entered FATAL state, too many start retries too quickly
2026-01-24 16:57:41,192 INFO exited: nginx (exit status 1; not expected)
2026-01-24 16:57:42,195 INFO spawned: 'nginx' with pid 89
2026-01-24 16:57:43,218 INFO success: nginx entered RUNNING state, process has stayed up for > than 1 seconds (startsecs)
2026-01-24 16:57:44,724 INFO exited: nginx (exit status 1; not expected)
2026-01-24 16:57:45,731 INFO spawned: 'nginx' with pid 90
2026-01-24 16:57:46,790 INFO success: nginx entered RUNNING state, process has stayed up for > than 1 seconds (startsecs)
2026-01-24 16:57:48,296 INFO exited: nginx (exit status 1; not expected)
2026-01-24 16:57:49,300 INFO spawned: 'nginx' with pid 91
2026-01-24 16:57:50,323 INFO success: nginx entered RUNNING state, process has stayed up for > than 1 seconds (startsecs)
2026-01-24 16:57:51,826 INFO exited: nginx (exit status 1; not expected)
2026-01-24 16:57:52,829 INFO spawned: 'nginx' with pid 92
2026-01-24 16:57:53,853 INFO success: nginx entered RUNNING state, process has stayed up for > than 1 seconds (startsecs)
2026-01-24 16:57:55,359 INFO exited: nginx (exit status 1; not expected)
2026-01-24 16:57:56,365 INFO spawned: 'nginx' with pid 93
2026-01-24 16:57:57,423 INFO success: nginx entered RUNNING state, process has stayed up for > than 1 seconds (startsecs)
2026-01-24 16:57:58,928 INFO exited: nginx (exit status 1; not expected)
2026-01-24 16:57:59,934 INFO spawned: 'nginx' with pid 94
2026-01-24 16:58:00,994 INFO success: nginx entered RUNNING state, process has stayed up for > than 1 seconds (startsecs)
2026-01-24 16:58:02,496 INFO exited: nginx (exit status 1; not expected)
2026-01-24 16:58:03,500 INFO spawned: 'nginx' with pid 95
2026-01-24 16:58:04,524 INFO success: nginx entered RUNNING state, process has stayed up for > than 1 seconds (startsecs)
2026-01-24 16:58:06,027 INFO exited: nginx (exit status 1; not expected)
2026-01-24 16:58:07,030 INFO spawned: 'nginx' with pid 96
2026-01-24 16:58:08,054 INFO success: nginx entered RUNNING state, process has stayed up for > than 1 seconds (startsecs)
2026-01-24 16:58:09,559 INFO exited: nginx (exit status 1; not expected)
2026-01-24 16:58:10,563 INFO spawned: 'nginx' with pid 97
2026-01-24 16:58:11,587 INFO success: nginx entered RUNNING state, process has stayed up for > than 1 seconds (startsecs)
2026-01-24 16:58:13,090 INFO exited: nginx (exit status 1; not expected)
2026-01-24 16:58:14,093 INFO spawned: 'nginx' with pid 98
2026-01-24 16:58:15,116 INFO success: nginx entered RUNNING state, process has stayed up for > than 1 seconds (startsecs)
2026-01-24 16:58:16,623 INFO exited: nginx (exit status 1; not expected)
2026-01-24 16:58:17,630 INFO spawned: 'nginx' with pid 99
2026-01-24 16:58:18,688 INFO success: nginx entered RUNNING state, process has stayed up for > than 1 seconds (startsecs)
2026-01-24 16:58:20,192 INFO exited: nginx (exit status 1; not expected)
2026-01-24 16:58:21,198 INFO spawned: 'nginx' with pid 100
2026-01-24 16:58:22,258 INFO success: nginx entered RUNNING state, process has stayed up for > than 1 seconds (startsecs)
2026-01-24 16:58:23,762 INFO exited: nginx (exit status 1; not expected)
2026-01-24 16:58:24,766 INFO spawned: 'nginx' with pid 101
2026-01-24 16:58:25,806 INFO success: nginx entered RUNNING state, process has stayed up for > than 1 seconds (startsecs)
2026-01-24 16:58:27,309 INFO exited: nginx (exit status 1; not expected)
2026-01-24 16:58:28,315 INFO spawned: 'nginx' with pid 102
2026-01-24 16:58:29,340 INFO success: nginx entered RUNNING state, process has stayed up for > than 1 seconds (startsecs)
2026-01-24 16:58:30,843 INFO exited: nginx (exit status 1; not expected)
2026-01-24 16:58:31,848 INFO spawned: 'nginx' with pid 103
2026-01-24 16:58:32,910 INFO success: nginx entered RUNNING state, process has stayed up for > than 1 seconds (startsecs)
2026-01-24 16:58:34,412 INFO exited: nginx (exit status 1; not expected)
2026-01-24 16:58:35,416 INFO spawned: 'nginx' with pid 104
2026-01-24 16:58:36,440 INFO success: nginx entered RUNNING state, process has stayed up for > than 1 seconds (startsecs)
2026-01-24 16:58:37,945 INFO exited: nginx (exit status 1; not expected)
2026-01-24 16:58:38,951 INFO spawned: 'nginx' with pid 105
2026-01-24 16:58:40,009 INFO success: nginx entered RUNNING state, process has stayed up for > than 1 seconds (startsecs)
2026-01-24 16:58:41,512 INFO exited: nginx (exit status 1; not expected)
2026-01-24 16:58:42,515 INFO spawned: 'nginx' with pid 106
2026-01-24 16:58:43,539 INFO success: nginx entered RUNNING state, process has stayed up for > than 1 seconds (startsecs)
2026-01-24 16:58:45,045 INFO exited: nginx (exit status 1; not expected)
2026-01-24 16:58:46,051 INFO spawned: 'nginx' with pid 107
2026-01-24 16:58:47,109 INFO success: nginx entered RUNNING state, process has stayed up for > than 1 seconds (startsecs)
2026-01-24 16:58:48,615 INFO exited: nginx (exit status 1; not expected)
2026-01-24 16:58:49,621 INFO spawned: 'nginx' with pid 108
2026-01-24 16:58:50,681 INFO success: nginx entered RUNNING state, process has stayed up for > than 1 seconds (startsecs)
2026-01-24 16:58:52,185 INFO exited: nginx (exit status 1; not expected)
2026-01-24 16:58:53,191 INFO spawned: 'nginx' with pid 109
2026-01-24 16:58:54,223 INFO success: nginx entered RUNNING state, process has stayed up for > than 1 seconds (startsecs)
2026-01-24 16:58:55,726 INFO exited: nginx (exit status 1; not expected)
2026-01-24 16:58:56,729 INFO spawned: 'nginx' with pid 110
2026-01-24 16:58:57,753 INFO success: nginx entered RUNNING state, process has stayed up for > than 1 seconds (startsecs)
2026-01-24 16:58:59,256 INFO exited: nginx (exit status 1; not expected)
2026-01-24 16:59:00,259 INFO spawned: 'nginx' with pid 111
2026-01-24 16:59:01,282 INFO success: nginx entered RUNNING state, process has stayed up for > than 1 seconds (startsecs)
2026-01-24 16:59:02,788 INFO exited: nginx (exit status 1; not expected)
2026-01-24 16:59:03,794 INFO spawned: 'nginx' with pid 112
2026-01-24 16:59:04,864 INFO success: nginx entered RUNNING state, process has stayed up for > than 1 seconds (startsecs)
2026-01-24 16:59:06,370 INFO exited: nginx (exit status 1; not expected)
2026-01-24 16:59:07,377 INFO spawned: 'nginx' with pid 113
2026-01-24 16:59:08,446 INFO success: nginx entered RUNNING state, process has stayed up for > than 1 seconds (startsecs)
2026-01-24 16:59:09,951 INFO exited: nginx (exit status 1; not expected)
2026-01-24 16:59:10,957 INFO spawned: 'nginx' with pid 114
2026-01-24 16:59:12,007 INFO success: nginx entered RUNNING state, process has stayed up for > than 1 seconds (startsecs)
2026-01-24 16:59:13,510 INFO exited: nginx (exit status 1; not expected)
2026-01-24 16:59:14,515 INFO spawned: 'nginx' with pid 115
2026-01-24 16:59:15,574 INFO success: nginx entered RUNNING state, process has stayed up for > than 1 seconds (startsecs)
2026-01-24 16:59:17,079 INFO exited: nginx (exit status 1; not expected)
2026-01-24 16:59:18,085 INFO spawned: 'nginx' with pid 116
2026-01-24 16:59:19,144 INFO success: nginx entered RUNNING state, process has stayed up for > than 1 seconds (startsecs)
2026-01-24 16:59:20,649 INFO exited: nginx (exit status 1; not expected)
2026-01-24 16:59:21,653 INFO spawned: 'nginx' with pid 117
2026-01-24 16:59:22,678 INFO success: nginx entered RUNNING state, process has stayed up for > than 1 seconds (startsecs)
2026-01-24 16:59:24,180 INFO exited: nginx (exit status 1; not expected)
2026-01-24 16:59:25,184 INFO spawned: 'nginx' with pid 118
2026-01-24 16:59:26,210 INFO success: nginx entered RUNNING state, process has stayed up for > than 1 seconds (startsecs)
2026-01-24 16:59:27,715 INFO exited: nginx (exit status 1; not expected)
2026-01-24 16:59:28,720 INFO spawned: 'nginx' with pid 119
2026-01-24 16:59:29,770 INFO success: nginx entered RUNNING state, process has stayed up for > than 1 seconds (startsecs)
2026-01-24 16:59:31,275 INFO exited: nginx (exit status 1; not expected)
2026-01-24 16:59:32,281 INFO spawned: 'nginx' with pid 120
2026-01-24 16:59:33,340 INFO success: nginx entered RUNNING state, process has stayed up for > than 1 seconds (startsecs)
2026-01-24 16:59:34,846 INFO exited: nginx (exit status 1; not expected)
2026-01-24 16:59:35,853 INFO spawned: 'nginx' with pid 121
2026-01-24 16:59:36,913 INFO success: nginx entered RUNNING state, process has stayed up for > than 1 seconds (startsecs)
2026-01-24 16:59:38,418 INFO exited: nginx (exit status 1; not expected)
2026-01-24 16:59:39,424 INFO spawned: 'nginx' with pid 122
2026-01-24 16:59:40,484 INFO success: nginx entered RUNNING state, process has stayed up for > than 1 seconds (startsecs)
2026-01-24 16:59:41,990 INFO exited: nginx (exit status 1; not expected)
2026-01-24 16:59:42,993 INFO spawned: 'nginx' with pid 123
2026-01-24 16:59:44,017 INFO success: nginx entered RUNNING state, process has stayed up for > than 1 seconds (startsecs)
2026-01-24 16:59:45,523 INFO exited: nginx (exit status 1; not expected)
2026-01-24 16:59:46,530 INFO spawned: 'nginx' with pid 124
2026-01-24 16:59:47,587 INFO success: nginx entered RUNNING state, process has stayed up for > than 1 seconds (startsecs)
2026-01-24 16:59:49,094 INFO exited: nginx (exit status 1; not expected)
2026-01-24 16:59:50,100 INFO spawned: 'nginx' with pid 125
2026-01-24 16:59:51,161 INFO success: nginx entered RUNNING state, process has stayed up for > than 1 seconds (startsecs)
2026-01-24 16:59:52,664 INFO exited: nginx (exit status 1; not expected)
2026-01-24 16:59:53,670 INFO spawned: 'nginx' with pid 126
2026-01-24 16:59:54,726 INFO success: nginx entered RUNNING state, process has stayed up for > than 1 seconds (startsecs)
2026-01-24 16:59:56,229 INFO exited: nginx (exit status 1; not expected)
2026-01-24 16:59:57,235 INFO spawned: 'nginx' with pid 127
2026-01-24 16:59:58,296 INFO success: nginx entered RUNNING state, process has stayed up for > than 1 seconds (startsecs)
2026-01-24 16:59:59,799 INFO exited: nginx (exit status 1; not expected)
2026-01-24 17:00:00,802 INFO spawned: 'nginx' with pid 128
2026-01-24 17:00:01,834 INFO success: nginx entered RUNNING state, process has stayed up for > than 1 seconds (startsecs)
2026-01-24 17:00:02,835 WARN received SIGTERM indicating exit request
2026-01-24 17:00:02,835 INFO waiting for nginx to die
2026-01-24 17:00:03,336 INFO stopped: nginx (terminated by SIGTERM)
2026-01-24 17:00:04,397 INFO Set uid to user 0 succeeded
2026-01-24 17:00:04,400 INFO supervisord started with pid 1
2026-01-24 17:00:05,406 INFO spawned: 'nginx' with pid 82
2026-01-24 17:00:05,410 INFO spawnerr: can't find command '/usr/sbin/cron'
2026-01-24 17:00:06,504 INFO success: nginx entered RUNNING state, process has stayed up for > than 1 seconds (startsecs)
2026-01-24 17:00:06,504 INFO spawnerr: can't find command '/usr/sbin/cron'
2026-01-24 17:00:06,504 INFO exited: nginx (exit status 0; expected)
2026-01-24 17:00:07,509 INFO spawned: 'nginx' with pid 86
2026-01-24 17:00:08,537 INFO success: nginx entered RUNNING state, process has stayed up for > than 1 seconds (startsecs)
2026-01-24 17:00:08,537 INFO spawnerr: can't find command '/usr/sbin/cron'
2026-01-24 17:00:10,040 INFO exited: nginx (exit status 1; not expected)
2026-01-24 17:00:11,044 INFO spawned: 'nginx' with pid 87
2026-01-24 17:00:11,568 INFO spawnerr: can't find command '/usr/sbin/cron'
2026-01-24 17:00:11,568 INFO gave up: cron entered FATAL state, too many start retries too quickly
2026-01-24 17:00:12,068 INFO success: nginx entered RUNNING state, process has stayed up for > than 1 seconds (startsecs)
2026-01-24 17:00:13,573 INFO exited: nginx (exit status 1; not expected)
2026-01-24 17:00:14,579 INFO spawned: 'nginx' with pid 88
2026-01-24 17:00:15,638 INFO success: nginx entered RUNNING state, process has stayed up for > than 1 seconds (startsecs)
2026-01-24 17:00:17,143 INFO exited: nginx (exit status 1; not expected)
2026-01-24 17:00:18,146 INFO spawned: 'nginx' with pid 89
2026-01-24 17:00:19,169 INFO success: nginx entered RUNNING state, process has stayed up for > than 1 seconds (startsecs)
2026-01-24 17:00:20,672 INFO exited: nginx (exit status 1; not expected)
2026-01-24 17:00:21,675 INFO spawned: 'nginx' with pid 90
2026-01-24 17:00:22,698 INFO success: nginx entered RUNNING state, process has stayed up for > than 1 seconds (startsecs)
2026-01-24 17:00:24,203 INFO exited: nginx (exit status 1; not expected)
2026-01-24 17:00:25,209 INFO spawned: 'nginx' with pid 91
2026-01-24 17:00:26,273 INFO success: nginx entered RUNNING state, process has stayed up for > than 1 seconds (startsecs)
2026-01-24 17:00:27,778 INFO exited: nginx (exit status 1; not expected)
2026-01-24 17:00:28,784 INFO spawned: 'nginx' with pid 92
2026-01-24 17:00:29,842 INFO success: nginx entered RUNNING state, process has stayed up for > than 1 seconds (startsecs)
2026-01-24 17:00:31,345 INFO exited: nginx (exit status 1; not expected)
2026-01-24 17:00:32,349 INFO spawned: 'nginx' with pid 93
2026-01-24 17:00:33,373 INFO success: nginx entered RUNNING state, process has stayed up for > than 1 seconds (startsecs)
2026-01-24 17:00:34,879 INFO exited: nginx (exit status 1; not expected)
2026-01-24 17:00:35,882 INFO spawned: 'nginx' with pid 94
2026-01-24 17:00:36,907 INFO success: nginx entered RUNNING state, process has stayed up for > than 1 seconds (startsecs)
2026-01-24 17:00:38,413 INFO exited: nginx (exit status 1; not expected)
2026-01-24 17:00:39,419 INFO spawned: 'nginx' with pid 95
2026-01-24 17:00:40,480 INFO success: nginx entered RUNNING state, process has stayed up for > than 1 seconds (startsecs)
2026-01-24 17:00:41,982 INFO exited: nginx (exit status 1; not expected)
2026-01-24 17:00:42,988 INFO spawned: 'nginx' with pid 96
2026-01-24 17:00:44,047 INFO success: nginx entered RUNNING state, process has stayed up for > than 1 seconds (startsecs)
2026-01-24 17:00:45,552 INFO exited: nginx (exit status 1; not expected)
2026-01-24 17:00:46,558 INFO spawned: 'nginx' with pid 97
2026-01-24 17:00:47,621 INFO success: nginx entered RUNNING state, process has stayed up for > than 1 seconds (startsecs)
2026-01-24 17:00:49,127 INFO exited: nginx (exit status 1; not expected)
2026-01-24 17:00:50,131 INFO spawned: 'nginx' with pid 98
2026-01-24 17:00:51,154 INFO success: nginx entered RUNNING state, process has stayed up for > than 1 seconds (startsecs)
2026-01-24 17:00:52,657 INFO exited: nginx (exit status 1; not expected)
2026-01-24 17:00:53,661 INFO spawned: 'nginx' with pid 99
2026-01-24 17:00:54,700 INFO success: nginx entered RUNNING state, process has stayed up for > than 1 seconds (startsecs)
2026-01-24 17:00:56,202 INFO exited: nginx (exit status 1; not expected)
2026-01-24 17:00:57,207 INFO spawned: 'nginx' with pid 100
2026-01-24 17:00:58,232 INFO success: nginx entered RUNNING state, process has stayed up for > than 1 seconds (startsecs)
2026-01-24 17:00:59,738 INFO exited: nginx (exit status 1; not expected)
2026-01-24 17:01:00,742 INFO spawned: 'nginx' with pid 101
2026-01-24 17:01:01,765 INFO success: nginx entered RUNNING state, process has stayed up for > than 1 seconds (startsecs)
2026-01-24 17:01:03,269 INFO exited: nginx (exit status 1; not expected)
2026-01-24 17:01:04,275 INFO spawned: 'nginx' with pid 102
2026-01-24 17:01:05,335 INFO success: nginx entered RUNNING state, process has stayed up for > than 1 seconds (startsecs)
2026-01-24 17:01:06,840 INFO exited: nginx (exit status 1; not expected)
2026-01-24 17:01:07,847 INFO spawned: 'nginx' with pid 103
2026-01-24 17:01:08,905 INFO success: nginx entered RUNNING state, process has stayed up for > than 1 seconds (startsecs)
2026-01-24 17:01:10,408 INFO exited: nginx (exit status 1; not expected)
2026-01-24 17:01:11,413 INFO spawned: 'nginx' with pid 104
2026-01-24 17:01:12,435 INFO success: nginx entered RUNNING state, process has stayed up for > than 1 seconds (startsecs)
2026-01-24 17:01:13,938 INFO exited: nginx (exit status 1; not expected)
2026-01-24 17:01:14,944 INFO spawned: 'nginx' with pid 105
2026-01-24 17:01:16,004 INFO success: nginx entered RUNNING state, process has stayed up for > than 1 seconds (startsecs)
2026-01-24 17:01:17,507 INFO exited: nginx (exit status 1; not expected)
2026-01-24 17:01:18,510 INFO spawned: 'nginx' with pid 106
2026-01-24 17:01:19,533 INFO success: nginx entered RUNNING state, process has stayed up for > than 1 seconds (startsecs)
2026-01-24 17:01:21,036 INFO exited: nginx (exit status 1; not expected)
2026-01-24 17:01:22,039 INFO spawned: 'nginx' with pid 107
2026-01-24 17:01:23,063 INFO success: nginx entered RUNNING state, process has stayed up for > than 1 seconds (startsecs)
2026-01-24 17:01:24,569 INFO exited: nginx (exit status 1; not expected)
2026-01-24 17:01:25,575 INFO spawned: 'nginx' with pid 108
2026-01-24 17:01:26,637 INFO success: nginx entered RUNNING state, process has stayed up for > than 1 seconds (startsecs)
2026-01-24 17:01:28,143 INFO exited: nginx (exit status 1; not expected)
2026-01-24 17:01:29,149 INFO spawned: 'nginx' with pid 109
2026-01-24 17:01:30,212 INFO success: nginx entered RUNNING state, process has stayed up for > than 1 seconds (startsecs)
2026-01-24 17:01:31,715 INFO exited: nginx (exit status 1; not expected)
2026-01-24 17:01:32,719 INFO spawned: 'nginx' with pid 110
2026-01-24 17:01:33,744 INFO success: nginx entered RUNNING state, process has stayed up for > than 1 seconds (startsecs)
2026-01-24 17:01:35,250 INFO exited: nginx (exit status 1; not expected)
2026-01-24 17:01:36,257 INFO spawned: 'nginx' with pid 111
2026-01-24 17:01:37,320 INFO success: nginx entered RUNNING state, process has stayed up for > than 1 seconds (startsecs)
2026-01-24 17:01:38,825 INFO exited: nginx (exit status 1; not expected)
2026-01-24 17:01:39,831 INFO spawned: 'nginx' with pid 112
2026-01-24 17:01:40,896 INFO success: nginx entered RUNNING state, process has stayed up for > than 1 seconds (startsecs)
2026-01-24 17:01:42,399 INFO exited: nginx (exit status 1; not expected)
2026-01-24 17:01:43,403 INFO spawned: 'nginx' with pid 113
2026-01-24 17:01:44,428 INFO success: nginx entered RUNNING state, process has stayed up for > than 1 seconds (startsecs)
2026-01-24 17:01:45,934 INFO exited: nginx (exit status 1; not expected)
2026-01-24 17:01:46,938 INFO spawned: 'nginx' with pid 114
2026-01-24 17:01:47,999 INFO success: nginx entered RUNNING state, process has stayed up for > than 1 seconds (startsecs)
2026-01-24 17:01:49,501 INFO exited: nginx (exit status 1; not expected)
2026-01-24 17:01:50,505 INFO spawned: 'nginx' with pid 115
2026-01-24 17:01:51,528 INFO success: nginx entered RUNNING state, process has stayed up for > than 1 seconds (startsecs)
2026-01-24 17:01:53,031 INFO exited: nginx (exit status 1; not expected)
2026-01-24 17:01:54,034 INFO spawned: 'nginx' with pid 123
2026-01-24 17:01:55,057 INFO success: nginx entered RUNNING state, process has stayed up for > than 1 seconds (startsecs)
2026-01-24 17:01:56,563 INFO exited: nginx (exit status 1; not expected)
2026-01-24 17:01:57,567 INFO spawned: 'nginx' with pid 124
2026-01-24 17:01:58,590 INFO success: nginx entered RUNNING state, process has stayed up for > than 1 seconds (startsecs)
2026-01-24 17:02:00,096 INFO exited: nginx (exit status 1; not expected)
2026-01-24 17:02:01,100 INFO spawned: 'nginx' with pid 131
2026-01-24 17:02:02,124 INFO success: nginx entered RUNNING state, process has stayed up for > than 1 seconds (startsecs)
2026-01-24 17:02:03,630 INFO exited: nginx (exit status 1; not expected)
2026-01-24 17:02:04,636 INFO spawned: 'nginx' with pid 132
2026-01-24 17:02:05,695 INFO success: nginx entered RUNNING state, process has stayed up for > than 1 seconds (startsecs)
2026-01-24 17:02:07,198 INFO exited: nginx (exit status 1; not expected)
2026-01-24 17:02:08,204 INFO spawned: 'nginx' with pid 133
2026-01-24 17:02:09,228 INFO success: nginx entered RUNNING state, process has stayed up for > than 1 seconds (startsecs)
2026-01-24 17:02:10,734 INFO exited: nginx (exit status 1; not expected)
2026-01-24 17:02:11,740 INFO spawned: 'nginx' with pid 134
2026-01-24 17:02:12,800 INFO success: nginx entered RUNNING state, process has stayed up for > than 1 seconds (startsecs)
2026-01-24 17:02:14,303 INFO exited: nginx (exit status 1; not expected)
2026-01-24 17:02:15,306 INFO spawned: 'nginx' with pid 135
2026-01-24 17:02:16,331 INFO success: nginx entered RUNNING state, process has stayed up for > than 1 seconds (startsecs)
2026-01-24 17:02:17,838 INFO exited: nginx (exit status 1; not expected)
2026-01-24 17:02:18,842 INFO spawned: 'nginx' with pid 136
2026-01-24 17:02:19,865 INFO success: nginx entered RUNNING state, process has stayed up for > than 1 seconds (startsecs)
2026-01-24 17:02:21,367 INFO exited: nginx (exit status 1; not expected)
2026-01-24 17:02:22,370 INFO spawned: 'nginx' with pid 142
2026-01-24 17:02:23,393 INFO success: nginx entered RUNNING state, process has stayed up for > than 1 seconds (startsecs)
2026-01-24 17:02:24,898 INFO exited: nginx (exit status 1; not expected)
2026-01-24 17:02:25,901 INFO spawned: 'nginx' with pid 143
2026-01-24 17:02:26,924 INFO success: nginx entered RUNNING state, process has stayed up for > than 1 seconds (startsecs)
2026-01-24 17:02:28,429 INFO exited: nginx (exit status 1; not expected)
2026-01-24 17:02:29,435 INFO spawned: 'nginx' with pid 144
2026-01-24 17:02:30,493 INFO success: nginx entered RUNNING state, process has stayed up for > than 1 seconds (startsecs)
2026-01-24 17:02:32,000 INFO exited: nginx (exit status 1; not expected)
2026-01-24 17:02:33,006 INFO spawned: 'nginx' with pid 151
2026-01-24 17:02:34,070 INFO success: nginx entered RUNNING state, process has stayed up for > than 1 seconds (startsecs)
2026-01-24 17:02:35,573 INFO exited: nginx (exit status 1; not expected)
2026-01-24 17:02:36,581 INFO spawned: 'nginx' with pid 152
2026-01-24 17:02:37,639 INFO success: nginx entered RUNNING state, process has stayed up for > than 1 seconds (startsecs)
2026-01-24 17:02:39,142 INFO exited: nginx (exit status 1; not expected)
2026-01-24 17:02:40,148 INFO spawned: 'nginx' with pid 153
2026-01-24 17:02:41,212 INFO success: nginx entered RUNNING state, process has stayed up for > than 1 seconds (startsecs)
2026-01-24 17:02:42,715 INFO exited: nginx (exit status 1; not expected)
2026-01-24 17:02:43,722 INFO spawned: 'nginx' with pid 154
2026-01-24 17:02:44,781 INFO success: nginx entered RUNNING state, process has stayed up for > than 1 seconds (startsecs)
2026-01-24 17:02:46,286 INFO exited: nginx (exit status 1; not expected)
2026-01-24 17:02:47,290 INFO spawned: 'nginx' with pid 155
2026-01-24 17:02:48,316 INFO success: nginx entered RUNNING state, process has stayed up for > than 1 seconds (startsecs)
2026-01-24 17:02:49,821 INFO exited: nginx (exit status 1; not expected)
2026-01-24 17:02:50,824 INFO spawned: 'nginx' with pid 156
2026-01-24 17:02:51,862 INFO success: nginx entered RUNNING state, process has stayed up for > than 1 seconds (startsecs)
2026-01-24 17:02:53,365 INFO exited: nginx (exit status 1; not expected)
2026-01-24 17:02:54,368 INFO spawned: 'nginx' with pid 157
2026-01-24 17:02:55,390 INFO success: nginx entered RUNNING state, process has stayed up for > than 1 seconds (startsecs)
2026-01-24 17:02:56,893 INFO exited: nginx (exit status 1; not expected)
2026-01-24 17:02:57,896 INFO spawned: 'nginx' with pid 158
2026-01-24 17:02:58,920 INFO success: nginx entered RUNNING state, process has stayed up for > than 1 seconds (startsecs)
2026-01-24 17:03:00,425 INFO exited: nginx (exit status 1; not expected)
2026-01-24 17:03:01,432 INFO spawned: 'nginx' with pid 159
2026-01-24 17:03:02,490 INFO success: nginx entered RUNNING state, process has stayed up for > than 1 seconds (startsecs)
2026-01-24 17:03:03,992 INFO exited: nginx (exit status 1; not expected)
2026-01-24 17:03:04,996 INFO spawned: 'nginx' with pid 160
2026-01-24 17:03:06,023 INFO success: nginx entered RUNNING state, process has stayed up for > than 1 seconds (startsecs)
2026-01-24 17:03:07,525 INFO exited: nginx (exit status 1; not expected)
2026-01-24 17:03:08,531 INFO spawned: 'nginx' with pid 161
2026-01-24 17:03:09,589 INFO success: nginx entered RUNNING state, process has stayed up for > than 1 seconds (startsecs)
2026-01-24 17:03:11,092 INFO exited: nginx (exit status 1; not expected)
2026-01-24 17:03:12,095 INFO spawned: 'nginx' with pid 162
2026-01-24 17:03:13,121 INFO success: nginx entered RUNNING state, process has stayed up for > than 1 seconds (startsecs)
2026-01-24 17:03:14,629 INFO exited: nginx (exit status 1; not expected)
2026-01-24 17:03:15,636 INFO spawned: 'nginx' with pid 163
2026-01-24 17:03:16,702 INFO success: nginx entered RUNNING state, process has stayed up for > than 1 seconds (startsecs)
2026-01-24 17:03:18,205 INFO exited: nginx (exit status 1; not expected)
2026-01-24 17:03:19,208 INFO spawned: 'nginx' with pid 164
2026-01-24 17:03:20,234 INFO success: nginx entered RUNNING state, process has stayed up for > than 1 seconds (startsecs)
2026-01-24 17:03:21,740 INFO exited: nginx (exit status 1; not expected)
2026-01-24 17:03:22,745 INFO spawned: 'nginx' with pid 171
2026-01-24 17:03:23,803 INFO success: nginx entered RUNNING state, process has stayed up for > than 1 seconds (startsecs)
2026-01-24 17:03:25,306 INFO exited: nginx (exit status 1; not expected)
2026-01-24 17:03:26,310 INFO spawned: 'nginx' with pid 172
2026-01-24 17:03:27,333 INFO success: nginx entered RUNNING state, process has stayed up for > than 1 seconds (startsecs)
2026-01-24 17:03:28,839 INFO exited: nginx (exit status 1; not expected)
2026-01-24 17:03:29,845 INFO spawned: 'nginx' with pid 173
2026-01-24 17:03:30,908 INFO success: nginx entered RUNNING state, process has stayed up for > than 1 seconds (startsecs)
2026-01-24 17:03:32,415 INFO exited: nginx (exit status 1; not expected)
2026-01-24 17:03:33,418 INFO spawned: 'nginx' with pid 174
2026-01-24 17:03:34,442 INFO success: nginx entered RUNNING state, process has stayed up for > than 1 seconds (startsecs)
2026-01-24 17:03:35,945 INFO exited: nginx (exit status 1; not expected)
2026-01-24 17:03:36,948 INFO spawned: 'nginx' with pid 175
2026-01-24 17:03:37,989 INFO success: nginx entered RUNNING state, process has stayed up for > than 1 seconds (startsecs)
2026-01-24 17:03:39,495 INFO exited: nginx (exit status 1; not expected)
2026-01-24 17:03:40,501 INFO spawned: 'nginx' with pid 182
2026-01-24 17:03:41,528 INFO success: nginx entered RUNNING state, process has stayed up for > than 1 seconds (startsecs)
2026-01-24 17:03:43,034 INFO exited: nginx (exit status 1; not expected)
2026-01-24 17:03:44,038 INFO spawned: 'nginx' with pid 183
2026-01-24 17:03:45,108 INFO success: nginx entered RUNNING state, process has stayed up for > than 1 seconds (startsecs)
2026-01-24 17:03:46,613 INFO exited: nginx (exit status 1; not expected)
2026-01-24 17:03:47,620 INFO spawned: 'nginx' with pid 184
2026-01-24 17:03:48,677 INFO success: nginx entered RUNNING state, process has stayed up for > than 1 seconds (startsecs)
2026-01-24 17:03:50,182 INFO exited: nginx (exit status 1; not expected)
2026-01-24 17:03:51,188 INFO spawned: 'nginx' with pid 185
2026-01-24 17:03:52,219 INFO success: nginx entered RUNNING state, process has stayed up for > than 1 seconds (startsecs)
2026-01-24 17:03:53,722 INFO exited: nginx (exit status 1; not expected)
2026-01-24 17:03:54,725 INFO spawned: 'nginx' with pid 186
2026-01-24 17:03:55,748 INFO success: nginx entered RUNNING state, process has stayed up for > than 1 seconds (startsecs)
2026-01-24 17:03:57,250 INFO exited: nginx (exit status 1; not expected)
2026-01-24 17:03:58,254 INFO spawned: 'nginx' with pid 187
2026-01-24 17:03:59,276 INFO success: nginx entered RUNNING state, process has stayed up for > than 1 seconds (startsecs)
2026-01-24 17:04:00,781 INFO exited: nginx (exit status 1; not expected)
2026-01-24 17:04:01,787 INFO spawned: 'nginx' with pid 188
2026-01-24 17:04:02,847 INFO success: nginx entered RUNNING state, process has stayed up for > than 1 seconds (startsecs)
2026-01-24 17:04:04,353 INFO exited: nginx (exit status 1; not expected)
2026-01-24 17:04:05,357 INFO spawned: 'nginx' with pid 189
2026-01-24 17:04:06,380 INFO success: nginx entered RUNNING state, process has stayed up for > than 1 seconds (startsecs)
2026-01-24 17:04:07,883 INFO exited: nginx (exit status 1; not expected)
2026-01-24 17:04:08,886 INFO spawned: 'nginx' with pid 190
2026-01-24 17:04:09,909 INFO success: nginx entered RUNNING state, process has stayed up for > than 1 seconds (startsecs)
2026-01-24 17:04:11,413 INFO exited: nginx (exit status 1; not expected)
2026-01-24 17:04:12,417 INFO spawned: 'nginx' with pid 191
2026-01-24 17:04:13,442 INFO success: nginx entered RUNNING state, process has stayed up for > than 1 seconds (startsecs)
2026-01-24 17:04:14,950 INFO exited: nginx (exit status 1; not expected)
2026-01-24 17:04:15,957 INFO spawned: 'nginx' with pid 192
2026-01-24 17:04:17,017 INFO success: nginx entered RUNNING state, process has stayed up for > than 1 seconds (startsecs)
2026-01-24 17:04:18,523 INFO exited: nginx (exit status 1; not expected)
2026-01-24 17:04:19,527 INFO spawned: 'nginx' with pid 193
2026-01-24 17:04:20,551 INFO success: nginx entered RUNNING state, process has stayed up for > than 1 seconds (startsecs)
2026-01-24 17:04:22,056 INFO exited: nginx (exit status 1; not expected)
2026-01-24 17:04:23,062 INFO spawned: 'nginx' with pid 194
2026-01-24 17:04:24,122 INFO success: nginx entered RUNNING state, process has stayed up for > than 1 seconds (startsecs)
2026-01-24 17:04:25,625 INFO exited: nginx (exit status 1; not expected)
2026-01-24 17:04:26,628 INFO spawned: 'nginx' with pid 200
2026-01-24 17:04:27,650 INFO success: nginx entered RUNNING state, process has stayed up for > than 1 seconds (startsecs)
2026-01-24 17:04:29,153 INFO exited: nginx (exit status 1; not expected)
2026-01-24 17:04:30,156 INFO spawned: 'nginx' with pid 201
2026-01-24 17:04:31,179 INFO success: nginx entered RUNNING state, process has stayed up for > than 1 seconds (startsecs)
2026-01-24 17:04:32,685 INFO exited: nginx (exit status 1; not expected)
2026-01-24 17:04:33,691 INFO spawned: 'nginx' with pid 208
2026-01-24 17:04:34,750 INFO success: nginx entered RUNNING state, process has stayed up for > than 1 seconds (startsecs)
2026-01-24 17:04:36,255 INFO exited: nginx (exit status 1; not expected)
2026-01-24 17:04:37,260 INFO spawned: 'nginx' with pid 209
2026-01-24 17:04:38,282 INFO success: nginx entered RUNNING state, process has stayed up for > than 1 seconds (startsecs)
2026-01-24 17:04:39,785 INFO exited: nginx (exit status 1; not expected)
2026-01-24 17:04:40,788 INFO spawned: 'nginx' with pid 228
2026-01-24 17:04:41,811 INFO success: nginx entered RUNNING state, process has stayed up for > than 1 seconds (startsecs)
2026-01-24 17:04:43,316 INFO exited: nginx (exit status 1; not expected)
2026-01-24 17:04:44,322 INFO spawned: 'nginx' with pid 229
2026-01-24 17:04:45,381 INFO success: nginx entered RUNNING state, process has stayed up for > than 1 seconds (startsecs)
2026-01-24 17:04:46,887 INFO exited: nginx (exit status 1; not expected)
2026-01-24 17:04:47,893 INFO spawned: 'nginx' with pid 230
2026-01-24 17:04:48,953 INFO success: nginx entered RUNNING state, process has stayed up for > than 1 seconds (startsecs)
2026-01-24 17:04:50,456 INFO exited: nginx (exit status 1; not expected)
2026-01-24 17:04:51,460 INFO spawned: 'nginx' with pid 231
2026-01-24 17:04:52,484 INFO success: nginx entered RUNNING state, process has stayed up for > than 1 seconds (startsecs)
2026-01-24 17:04:53,986 INFO exited: nginx (exit status 1; not expected)
2026-01-24 17:04:54,990 INFO spawned: 'nginx' with pid 232
2026-01-24 17:04:56,013 INFO success: nginx entered RUNNING state, process has stayed up for > than 1 seconds (startsecs)
2026-01-24 17:04:57,515 INFO exited: nginx (exit status 1; not expected)
2026-01-24 17:04:58,521 INFO spawned: 'nginx' with pid 233
2026-01-24 17:04:59,578 INFO success: nginx entered RUNNING state, process has stayed up for > than 1 seconds (startsecs)
2026-01-24 17:05:01,080 INFO exited: nginx (exit status 1; not expected)
2026-01-24 17:05:02,084 INFO spawned: 'nginx' with pid 234
2026-01-24 17:05:03,109 INFO success: nginx entered RUNNING state, process has stayed up for > than 1 seconds (startsecs)
2026-01-24 17:05:04,614 INFO exited: nginx (exit status 1; not expected)
2026-01-24 17:05:05,620 INFO spawned: 'nginx' with pid 235
2026-01-24 17:05:06,677 INFO success: nginx entered RUNNING state, process has stayed up for > than 1 seconds (startsecs)
2026-01-24 17:05:08,183 INFO exited: nginx (exit status 1; not expected)
2026-01-24 17:05:09,188 INFO spawned: 'nginx' with pid 236
2026-01-24 17:05:10,244 INFO success: nginx entered RUNNING state, process has stayed up for > than 1 seconds (startsecs)
2026-01-24 17:05:11,746 INFO exited: nginx (exit status 1; not expected)
2026-01-24 17:05:12,750 INFO spawned: 'nginx' with pid 237
2026-01-24 17:05:13,780 INFO success: nginx entered RUNNING state, process has stayed up for > than 1 seconds (startsecs)
2026-01-24 17:05:15,286 INFO exited: nginx (exit status 1; not expected)
2026-01-24 17:05:16,292 INFO spawned: 'nginx' with pid 238
2026-01-24 17:05:17,353 INFO success: nginx entered RUNNING state, process has stayed up for > than 1 seconds (startsecs)
2026-01-24 17:05:18,859 INFO exited: nginx (exit status 1; not expected)
2026-01-24 17:05:19,865 INFO spawned: 'nginx' with pid 239
2026-01-24 17:05:20,935 INFO success: nginx entered RUNNING state, process has stayed up for > than 1 seconds (startsecs)
2026-01-24 17:05:22,438 INFO exited: nginx (exit status 1; not expected)
2026-01-24 17:05:23,444 INFO spawned: 'nginx' with pid 246
2026-01-24 17:05:24,511 INFO success: nginx entered RUNNING state, process has stayed up for > than 1 seconds (startsecs)
2026-01-24 17:05:26,013 INFO exited: nginx (exit status 1; not expected)
2026-01-24 17:05:27,019 INFO spawned: 'nginx' with pid 247
2026-01-24 17:05:28,078 INFO success: nginx entered RUNNING state, process has stayed up for > than 1 seconds (startsecs)
2026-01-24 17:05:29,580 INFO exited: nginx (exit status 1; not expected)
2026-01-24 17:05:30,583 INFO spawned: 'nginx' with pid 259
2026-01-24 17:05:31,607 INFO success: nginx entered RUNNING state, process has stayed up for > than 1 seconds (startsecs)
2026-01-24 17:05:33,109 INFO exited: nginx (exit status 1; not expected)
2026-01-24 17:05:34,112 INFO spawned: 'nginx' with pid 260
2026-01-24 17:05:35,135 INFO success: nginx entered RUNNING state, process has stayed up for > than 1 seconds (startsecs)
2026-01-24 17:05:36,637 INFO exited: nginx (exit status 1; not expected)
2026-01-24 17:05:37,644 INFO spawned: 'nginx' with pid 261
2026-01-24 17:05:38,705 INFO success: nginx entered RUNNING state, process has stayed up for > than 1 seconds (startsecs)
2026-01-24 17:05:40,211 INFO exited: nginx (exit status 1; not expected)
2026-01-24 17:05:41,214 INFO spawned: 'nginx' with pid 268
2026-01-24 17:05:42,252 INFO success: nginx entered RUNNING state, process has stayed up for > than 1 seconds (startsecs)
2026-01-24 17:05:43,755 INFO exited: nginx (exit status 1; not expected)
2026-01-24 17:05:44,758 INFO spawned: 'nginx' with pid 269
2026-01-24 17:05:45,782 INFO success: nginx entered RUNNING state, process has stayed up for > than 1 seconds (startsecs)
2026-01-24 17:05:47,288 INFO exited: nginx (exit status 1; not expected)
2026-01-24 17:05:48,294 INFO spawned: 'nginx' with pid 270
2026-01-24 17:05:49,360 INFO success: nginx entered RUNNING state, process has stayed up for > than 1 seconds (startsecs)
2026-01-24 17:05:50,863 INFO exited: nginx (exit status 1; not expected)
2026-01-24 17:05:51,869 INFO spawned: 'nginx' with pid 271
2026-01-24 17:05:52,929 INFO success: nginx entered RUNNING state, process has stayed up for > than 1 seconds (startsecs)
2026-01-24 17:05:54,435 INFO exited: nginx (exit status 1; not expected)
2026-01-24 17:05:55,441 INFO spawned: 'nginx' with pid 272
2026-01-24 17:05:56,501 INFO success: nginx entered RUNNING state, process has stayed up for > than 1 seconds (startsecs)
2026-01-24 17:05:58,007 INFO exited: nginx (exit status 1; not expected)
2026-01-24 17:05:59,013 INFO spawned: 'nginx' with pid 273
2026-01-24 17:06:00,070 INFO success: nginx entered RUNNING state, process has stayed up for > than 1 seconds (startsecs)
2026-01-24 17:06:01,573 INFO exited: nginx (exit status 1; not expected)
2026-01-24 17:06:02,577 INFO spawned: 'nginx' with pid 274
2026-01-24 17:06:03,610 INFO success: nginx entered RUNNING state, process has stayed up for > than 1 seconds (startsecs)
2026-01-24 17:06:05,115 INFO exited: nginx (exit status 1; not expected)
2026-01-24 17:06:06,121 INFO spawned: 'nginx' with pid 275
2026-01-24 17:06:07,180 INFO success: nginx entered RUNNING state, process has stayed up for > than 1 seconds (startsecs)
2026-01-24 17:06:08,683 INFO exited: nginx (exit status 1; not expected)
2026-01-24 17:06:09,690 INFO spawned: 'nginx' with pid 276
2026-01-24 17:06:10,714 INFO success: nginx entered RUNNING state, process has stayed up for > than 1 seconds (startsecs)
2026-01-24 17:06:12,220 INFO exited: nginx (exit status 1; not expected)
2026-01-24 17:06:13,226 INFO spawned: 'nginx' with pid 277
2026-01-24 17:06:14,286 INFO success: nginx entered RUNNING state, process has stayed up for > than 1 seconds (startsecs)
2026-01-24 17:06:15,789 INFO exited: nginx (exit status 1; not expected)
2026-01-24 17:06:16,793 INFO spawned: 'nginx' with pid 278
2026-01-24 17:06:17,818 INFO success: nginx entered RUNNING state, process has stayed up for > than 1 seconds (startsecs)
2026-01-24 17:06:19,326 INFO exited: nginx (exit status 1; not expected)
2026-01-24 17:06:20,329 INFO spawned: 'nginx' with pid 285
2026-01-24 17:06:21,353 INFO success: nginx entered RUNNING state, process has stayed up for > than 1 seconds (startsecs)
2026-01-24 17:06:22,859 INFO exited: nginx (exit status 1; not expected)
2026-01-24 17:06:23,863 INFO spawned: 'nginx' with pid 286
2026-01-24 17:06:24,887 INFO success: nginx entered RUNNING state, process has stayed up for > than 1 seconds (startsecs)
2026-01-24 17:06:26,393 INFO exited: nginx (exit status 1; not expected)
2026-01-24 17:06:27,399 INFO spawned: 'nginx' with pid 287
2026-01-24 17:06:28,457 INFO success: nginx entered RUNNING state, process has stayed up for > than 1 seconds (startsecs)
2026-01-24 17:06:29,960 INFO exited: nginx (exit status 1; not expected)
2026-01-24 17:06:30,965 INFO spawned: 'nginx' with pid 288
2026-01-24 17:06:32,024 INFO success: nginx entered RUNNING state, process has stayed up for > than 1 seconds (startsecs)
2026-01-24 17:06:33,529 INFO exited: nginx (exit status 1; not expected)
2026-01-24 17:06:34,535 INFO spawned: 'nginx' with pid 300
2026-01-24 17:06:35,615 INFO success: nginx entered RUNNING state, process has stayed up for > than 1 seconds (startsecs)
2026-01-24 17:06:37,120 INFO exited: nginx (exit status 1; not expected)
2026-01-24 17:06:38,127 INFO spawned: 'nginx' with pid 307
2026-01-24 17:06:39,185 INFO success: nginx entered RUNNING state, process has stayed up for > than 1 seconds (startsecs)
2026-01-24 17:06:40,690 INFO exited: nginx (exit status 1; not expected)
2026-01-24 17:06:41,694 INFO spawned: 'nginx' with pid 308
2026-01-24 17:06:42,718 INFO success: nginx entered RUNNING state, process has stayed up for > than 1 seconds (startsecs)
2026-01-24 17:06:44,224 INFO exited: nginx (exit status 1; not expected)
2026-01-24 17:06:45,230 INFO spawned: 'nginx' with pid 315
2026-01-24 17:06:46,288 INFO success: nginx entered RUNNING state, process has stayed up for > than 1 seconds (startsecs)
2026-01-24 17:06:47,793 INFO exited: nginx (exit status 1; not expected)
2026-01-24 17:06:48,796 INFO spawned: 'nginx' with pid 316
2026-01-24 17:06:49,835 INFO success: nginx entered RUNNING state, process has stayed up for > than 1 seconds (startsecs)
2026-01-24 17:06:51,339 INFO exited: nginx (exit status 1; not expected)
2026-01-24 17:06:52,342 INFO spawned: 'nginx' with pid 317
2026-01-24 17:06:53,380 INFO success: nginx entered RUNNING state, process has stayed up for > than 1 seconds (startsecs)
2026-01-24 17:06:54,887 INFO exited: nginx (exit status 1; not expected)
2026-01-24 17:06:55,893 INFO spawned: 'nginx' with pid 318
2026-01-24 17:06:56,950 INFO success: nginx entered RUNNING state, process has stayed up for > than 1 seconds (startsecs)
2026-01-24 17:06:58,455 INFO exited: nginx (exit status 1; not expected)
2026-01-24 17:06:59,462 INFO spawned: 'nginx' with pid 319
2026-01-24 17:07:00,523 INFO success: nginx entered RUNNING state, process has stayed up for > than 1 seconds (startsecs)
2026-01-24 17:07:02,029 INFO exited: nginx (exit status 1; not expected)
2026-01-24 17:07:03,035 INFO spawned: 'nginx' with pid 320
2026-01-24 17:07:04,095 INFO success: nginx entered RUNNING state, process has stayed up for > than 1 seconds (startsecs)
2026-01-24 17:07:05,599 INFO exited: nginx (exit status 1; not expected)
2026-01-24 17:07:06,602 INFO spawned: 'nginx' with pid 321
2026-01-24 17:07:07,625 INFO success: nginx entered RUNNING state, process has stayed up for > than 1 seconds (startsecs)
2026-01-24 17:07:09,128 INFO exited: nginx (exit status 1; not expected)
2026-01-24 17:07:10,131 INFO spawned: 'nginx' with pid 322
2026-01-24 17:07:11,177 INFO success: nginx entered RUNNING state, process has stayed up for > than 1 seconds (startsecs)
2026-01-24 17:07:12,682 INFO exited: nginx (exit status 1; not expected)
2026-01-24 17:07:13,685 INFO spawned: 'nginx' with pid 323
2026-01-24 17:07:14,709 INFO success: nginx entered RUNNING state, process has stayed up for > than 1 seconds (startsecs)
2026-01-24 17:07:16,212 INFO exited: nginx (exit status 1; not expected)
2026-01-24 17:07:17,220 INFO spawned: 'nginx' with pid 324
2026-01-24 17:07:18,279 INFO success: nginx entered RUNNING state, process has stayed up for > than 1 seconds (startsecs)
2026-01-24 17:07:19,785 INFO exited: nginx (exit status 1; not expected)
2026-01-24 17:07:20,791 INFO spawned: 'nginx' with pid 325
2026-01-24 17:07:21,848 INFO success: nginx entered RUNNING state, process has stayed up for > than 1 seconds (startsecs)
2026-01-24 17:07:23,351 INFO exited: nginx (exit status 1; not expected)
2026-01-24 17:07:24,354 INFO spawned: 'nginx' with pid 326
2026-01-24 17:07:25,377 INFO success: nginx entered RUNNING state, process has stayed up for > than 1 seconds (startsecs)
2026-01-24 17:07:26,879 INFO exited: nginx (exit status 1; not expected)
2026-01-24 17:07:27,884 INFO spawned: 'nginx' with pid 327
2026-01-24 17:07:28,942 INFO success: nginx entered RUNNING state, process has stayed up for > than 1 seconds (startsecs)
2026-01-24 17:07:30,447 INFO exited: nginx (exit status 1; not expected)
2026-01-24 17:07:31,451 INFO spawned: 'nginx' with pid 328
2026-01-24 17:07:32,475 INFO success: nginx entered RUNNING state, process has stayed up for > than 1 seconds (startsecs)
2026-01-24 17:07:33,981 INFO exited: nginx (exit status 1; not expected)
2026-01-24 17:07:34,987 INFO spawned: 'nginx' with pid 329
2026-01-24 17:07:36,051 INFO success: nginx entered RUNNING state, process has stayed up for > than 1 seconds (startsecs)
2026-01-24 17:07:37,558 INFO exited: nginx (exit status 1; not expected)
2026-01-24 17:07:38,564 INFO spawned: 'nginx' with pid 330
2026-01-24 17:07:39,629 INFO success: nginx entered RUNNING state, process has stayed up for > than 1 seconds (startsecs)
2026-01-24 17:07:41,131 INFO exited: nginx (exit status 1; not expected)
2026-01-24 17:07:42,135 INFO spawned: 'nginx' with pid 337
2026-01-24 17:07:43,158 INFO success: nginx entered RUNNING state, process has stayed up for > than 1 seconds (startsecs)
2026-01-24 17:07:44,661 INFO exited: nginx (exit status 1; not expected)
2026-01-24 17:07:45,664 INFO spawned: 'nginx' with pid 338
2026-01-24 17:07:46,686 INFO success: nginx entered RUNNING state, process has stayed up for > than 1 seconds (startsecs)
2026-01-24 17:07:48,192 INFO exited: nginx (exit status 1; not expected)
2026-01-24 17:07:49,195 INFO spawned: 'nginx' with pid 339
2026-01-24 17:07:50,218 INFO success: nginx entered RUNNING state, process has stayed up for > than 1 seconds (startsecs)
2026-01-24 17:07:51,724 INFO exited: nginx (exit status 1; not expected)
2026-01-24 17:07:52,729 INFO spawned: 'nginx' with pid 340
2026-01-24 17:07:53,784 INFO success: nginx entered RUNNING state, process has stayed up for > than 1 seconds (startsecs)
2026-01-24 17:07:55,291 INFO exited: nginx (exit status 1; not expected)
2026-01-24 17:07:56,295 INFO spawned: 'nginx' with pid 341
2026-01-24 17:07:57,319 INFO success: nginx entered RUNNING state, process has stayed up for > than 1 seconds (startsecs)
2026-01-24 17:07:58,822 INFO exited: nginx (exit status 1; not expected)
2026-01-24 17:07:59,825 INFO spawned: 'nginx' with pid 342
2026-01-24 17:08:00,848 INFO success: nginx entered RUNNING state, process has stayed up for > than 1 seconds (startsecs)
2026-01-24 17:08:02,351 INFO exited: nginx (exit status 1; not expected)
2026-01-24 17:08:03,354 INFO spawned: 'nginx' with pid 343
2026-01-24 17:08:04,380 INFO success: nginx entered RUNNING state, process has stayed up for > than 1 seconds (startsecs)
2026-01-24 17:08:05,888 INFO exited: nginx (exit status 1; not expected)
2026-01-24 17:08:06,895 INFO spawned: 'nginx' with pid 344
2026-01-24 17:08:07,963 INFO success: nginx entered RUNNING state, process has stayed up for > than 1 seconds (startsecs)
2026-01-24 17:08:09,466 INFO exited: nginx (exit status 1; not expected)
2026-01-24 17:08:10,472 INFO spawned: 'nginx' with pid 345
2026-01-24 17:08:11,531 INFO success: nginx entered RUNNING state, process has stayed up for > than 1 seconds (startsecs)
2026-01-24 17:08:13,034 INFO exited: nginx (exit status 1; not expected)
2026-01-24 17:08:14,037 INFO spawned: 'nginx' with pid 346
2026-01-24 17:08:15,060 INFO success: nginx entered RUNNING state, process has stayed up for > than 1 seconds (startsecs)
2026-01-24 17:08:16,562 INFO exited: nginx (exit status 1; not expected)
2026-01-24 17:08:17,566 INFO spawned: 'nginx' with pid 347
2026-01-24 17:08:18,589 INFO success: nginx entered RUNNING state, process has stayed up for > than 1 seconds (startsecs)
2026-01-24 17:08:20,092 INFO exited: nginx (exit status 1; not expected)
2026-01-24 17:08:21,095 INFO spawned: 'nginx' with pid 348
2026-01-24 17:08:22,120 INFO success: nginx entered RUNNING state, process has stayed up for > than 1 seconds (startsecs)
2026-01-24 17:08:23,625 INFO exited: nginx (exit status 1; not expected)
2026-01-24 17:08:24,631 INFO spawned: 'nginx' with pid 349
2026-01-24 17:08:25,697 INFO success: nginx entered RUNNING state, process has stayed up for > than 1 seconds (startsecs)
2026-01-24 17:08:27,203 INFO exited: nginx (exit status 1; not expected)
2026-01-24 17:08:28,208 INFO spawned: 'nginx' with pid 359
2026-01-24 17:08:29,234 INFO success: nginx entered RUNNING state, process has stayed up for > than 1 seconds (startsecs)
2026-01-24 17:08:30,736 INFO exited: nginx (exit status 1; not expected)
2026-01-24 17:08:31,741 INFO spawned: 'nginx' with pid 360
2026-01-24 17:08:32,766 INFO success: nginx entered RUNNING state, process has stayed up for > than 1 seconds (startsecs)
2026-01-24 17:08:34,274 INFO exited: nginx (exit status 1; not expected)
2026-01-24 17:08:35,284 INFO spawned: 'nginx' with pid 361
2026-01-24 17:08:36,347 INFO success: nginx entered RUNNING state, process has stayed up for > than 1 seconds (startsecs)
2026-01-24 17:08:37,853 INFO exited: nginx (exit status 1; not expected)
2026-01-24 17:08:38,859 INFO spawned: 'nginx' with pid 362
2026-01-24 17:08:39,930 INFO success: nginx entered RUNNING state, process has stayed up for > than 1 seconds (startsecs)
2026-01-24 17:08:41,433 INFO exited: nginx (exit status 1; not expected)
2026-01-24 17:08:42,441 INFO spawned: 'nginx' with pid 363
2026-01-24 17:08:43,499 INFO success: nginx entered RUNNING state, process has stayed up for > than 1 seconds (startsecs)
2026-01-24 17:08:45,002 INFO exited: nginx (exit status 1; not expected)
2026-01-24 17:08:46,010 INFO spawned: 'nginx' with pid 364
2026-01-24 17:08:47,072 INFO success: nginx entered RUNNING state, process has stayed up for > than 1 seconds (startsecs)
2026-01-24 17:08:48,577 INFO exited: nginx (exit status 1; not expected)
2026-01-24 17:08:49,581 INFO spawned: 'nginx' with pid 365
2026-01-24 17:08:50,605 INFO success: nginx entered RUNNING state, process has stayed up for > than 1 seconds (startsecs)
2026-01-24 17:08:52,107 INFO exited: nginx (exit status 1; not expected)
2026-01-24 17:08:53,110 INFO spawned: 'nginx' with pid 366
2026-01-24 17:08:54,134 INFO success: nginx entered RUNNING state, process has stayed up for > than 1 seconds (startsecs)
2026-01-24 17:08:55,640 INFO exited: nginx (exit status 1; not expected)
2026-01-24 17:08:56,647 INFO spawned: 'nginx' with pid 367
2026-01-24 17:08:57,705 INFO success: nginx entered RUNNING state, process has stayed up for > than 1 seconds (startsecs)
2026-01-24 17:08:59,210 INFO exited: nginx (exit status 1; not expected)
2026-01-24 17:09:00,217 INFO spawned: 'nginx' with pid 368
2026-01-24 17:09:01,274 INFO success: nginx entered RUNNING state, process has stayed up for > than 1 seconds (startsecs)
2026-01-24 17:09:02,777 INFO exited: nginx (exit status 1; not expected)
2026-01-24 17:09:03,781 INFO spawned: 'nginx' with pid 369
2026-01-24 17:09:04,806 INFO success: nginx entered RUNNING state, process has stayed up for > than 1 seconds (startsecs)
2026-01-24 17:09:06,311 INFO exited: nginx (exit status 1; not expected)
2026-01-24 17:09:07,318 INFO spawned: 'nginx' with pid 370
2026-01-24 17:09:08,376 INFO success: nginx entered RUNNING state, process has stayed up for > than 1 seconds (startsecs)
2026-01-24 17:09:09,879 INFO exited: nginx (exit status 1; not expected)
2026-01-24 17:09:10,883 INFO spawned: 'nginx' with pid 371
2026-01-24 17:09:11,909 INFO success: nginx entered RUNNING state, process has stayed up for > than 1 seconds (startsecs)
2026-01-24 17:09:13,411 INFO exited: nginx (exit status 1; not expected)
2026-01-24 17:09:14,417 INFO spawned: 'nginx' with pid 372
2026-01-24 17:09:15,477 INFO success: nginx entered RUNNING state, process has stayed up for > than 1 seconds (startsecs)
2026-01-24 17:09:16,983 INFO exited: nginx (exit status 1; not expected)
2026-01-24 17:09:17,989 INFO spawned: 'nginx' with pid 373
2026-01-24 17:09:19,048 INFO success: nginx entered RUNNING state, process has stayed up for > than 1 seconds (startsecs)
2026-01-24 17:09:20,551 INFO exited: nginx (exit status 1; not expected)
2026-01-24 17:09:21,554 INFO spawned: 'nginx' with pid 374
2026-01-24 17:09:22,583 INFO success: nginx entered RUNNING state, process has stayed up for > than 1 seconds (startsecs)
2026-01-24 17:09:24,086 INFO exited: nginx (exit status 1; not expected)
2026-01-24 17:09:25,089 INFO spawned: 'nginx' with pid 375
2026-01-24 17:09:26,113 INFO success: nginx entered RUNNING state, process has stayed up for > than 1 seconds (startsecs)
2026-01-24 17:09:27,618 INFO exited: nginx (exit status 1; not expected)
2026-01-24 17:09:28,624 INFO spawned: 'nginx' with pid 376
2026-01-24 17:09:29,683 INFO success: nginx entered RUNNING state, process has stayed up for > than 1 seconds (startsecs)
2026-01-24 17:09:31,186 INFO exited: nginx (exit status 1; not expected)
2026-01-24 17:09:32,190 INFO spawned: 'nginx' with pid 377
2026-01-24 17:09:33,214 INFO success: nginx entered RUNNING state, process has stayed up for > than 1 seconds (startsecs)
2026-01-24 17:09:34,721 INFO exited: nginx (exit status 1; not expected)
2026-01-24 17:09:35,727 INFO spawned: 'nginx' with pid 378
2026-01-24 17:09:36,788 INFO success: nginx entered RUNNING state, process has stayed up for > than 1 seconds (startsecs)
2026-01-24 17:09:38,293 INFO exited: nginx (exit status 1; not expected)
2026-01-24 17:09:39,300 INFO spawned: 'nginx' with pid 379
2026-01-24 17:09:40,368 INFO success: nginx entered RUNNING state, process has stayed up for > than 1 seconds (startsecs)
2026-01-24 17:09:41,871 INFO exited: nginx (exit status 1; not expected)
2026-01-24 17:09:42,874 INFO spawned: 'nginx' with pid 380
2026-01-24 17:09:43,897 INFO success: nginx entered RUNNING state, process has stayed up for > than 1 seconds (startsecs)
2026-01-24 17:09:45,400 INFO exited: nginx (exit status 1; not expected)
2026-01-24 17:09:46,406 INFO spawned: 'nginx' with pid 381
2026-01-24 17:09:47,465 INFO success: nginx entered RUNNING state, process has stayed up for > than 1 seconds (startsecs)
2026-01-24 17:09:48,970 INFO exited: nginx (exit status 1; not expected)
2026-01-24 17:09:49,976 INFO spawned: 'nginx' with pid 382
2026-01-24 17:09:51,036 INFO success: nginx entered RUNNING state, process has stayed up for > than 1 seconds (startsecs)
2026-01-24 17:09:52,541 INFO exited: nginx (exit status 1; not expected)
2026-01-24 17:09:53,547 INFO spawned: 'nginx' with pid 383
2026-01-24 17:09:54,606 INFO success: nginx entered RUNNING state, process has stayed up for > than 1 seconds (startsecs)
2026-01-24 17:09:56,112 INFO exited: nginx (exit status 1; not expected)
2026-01-24 17:09:57,118 INFO spawned: 'nginx' with pid 384
2026-01-24 17:09:58,175 INFO success: nginx entered RUNNING state, process has stayed up for > than 1 seconds (startsecs)
2026-01-24 17:09:59,679 INFO exited: nginx (exit status 1; not expected)
2026-01-24 17:10:00,685 INFO spawned: 'nginx' with pid 385
2026-01-24 17:10:01,714 INFO success: nginx entered RUNNING state, process has stayed up for > than 1 seconds (startsecs)
2026-01-24 17:10:03,216 INFO exited: nginx (exit status 1; not expected)
2026-01-24 17:10:04,219 INFO spawned: 'nginx' with pid 386
2026-01-24 17:10:05,242 INFO success: nginx entered RUNNING state, process has stayed up for > than 1 seconds (startsecs)
2026-01-24 17:10:06,745 INFO exited: nginx (exit status 1; not expected)
2026-01-24 17:10:07,751 INFO spawned: 'nginx' with pid 387
2026-01-24 17:10:08,814 INFO success: nginx entered RUNNING state, process has stayed up for > than 1 seconds (startsecs)
2026-01-24 17:10:10,319 INFO exited: nginx (exit status 1; not expected)
2026-01-24 17:10:11,323 INFO spawned: 'nginx' with pid 388
2026-01-24 17:10:12,351 INFO success: nginx entered RUNNING state, process has stayed up for > than 1 seconds (startsecs)
2026-01-24 17:10:13,853 INFO exited: nginx (exit status 1; not expected)
2026-01-24 17:10:14,857 INFO spawned: 'nginx' with pid 389
2026-01-24 17:10:15,879 INFO success: nginx entered RUNNING state, process has stayed up for > than 1 seconds (startsecs)
2026-01-24 17:10:17,382 INFO exited: nginx (exit status 1; not expected)
2026-01-24 17:10:18,391 INFO spawned: 'nginx' with pid 390
2026-01-24 17:10:19,450 INFO success: nginx entered RUNNING state, process has stayed up for > than 1 seconds (startsecs)
2026-01-24 17:10:20,953 INFO exited: nginx (exit status 1; not expected)
2026-01-24 17:10:21,956 INFO spawned: 'nginx' with pid 391
2026-01-24 17:10:22,982 INFO success: nginx entered RUNNING state, process has stayed up for > than 1 seconds (startsecs)
2026-01-24 17:10:24,488 INFO exited: nginx (exit status 1; not expected)
2026-01-24 17:10:25,494 INFO spawned: 'nginx' with pid 392
2026-01-24 17:10:26,552 INFO success: nginx entered RUNNING state, process has stayed up for > than 1 seconds (startsecs)
2026-01-24 17:10:28,058 INFO exited: nginx (exit status 1; not expected)
2026-01-24 17:10:29,062 INFO spawned: 'nginx' with pid 393
2026-01-24 17:10:30,101 INFO success: nginx entered RUNNING state, process has stayed up for > than 1 seconds (startsecs)
2026-01-24 17:10:31,604 INFO exited: nginx (exit status 1; not expected)
2026-01-24 17:10:32,607 INFO spawned: 'nginx' with pid 394
2026-01-24 17:10:33,631 INFO success: nginx entered RUNNING state, process has stayed up for > than 1 seconds (startsecs)
2026-01-24 17:10:35,132 WARN received SIGTERM indicating exit request
2026-01-24 17:10:35,132 INFO waiting for nginx to die
2026-01-24 17:10:35,133 INFO exited: nginx (exit status 1; not expected)
2026-01-24 17:10:36,101 INFO Set uid to user 0 succeeded
2026-01-24 17:10:36,105 INFO supervisord started with pid 1
2026-01-24 17:10:37,111 INFO spawned: 'nginx' with pid 85
2026-01-24 17:10:37,113 INFO spawnerr: can't find command '/usr/sbin/cron'
2026-01-24 17:10:37,207 INFO exited: nginx (exit status 0; not expected)
2026-01-24 17:10:38,211 INFO spawned: 'nginx' with pid 89
2026-01-24 17:10:38,212 INFO spawnerr: can't find command '/usr/sbin/cron'
2026-01-24 17:10:39,233 INFO success: nginx entered RUNNING state, process has stayed up for > than 1 seconds (startsecs)
2026-01-24 17:10:40,235 INFO spawnerr: can't find command '/usr/sbin/cron'
2026-01-24 17:10:40,739 INFO exited: nginx (exit status 1; not expected)
2026-01-24 17:10:41,746 INFO spawned: 'nginx' with pid 90
2026-01-24 17:10:42,829 INFO success: nginx entered RUNNING state, process has stayed up for > than 1 seconds (startsecs)
2026-01-24 17:10:43,330 INFO spawnerr: can't find command '/usr/sbin/cron'
2026-01-24 17:10:43,331 INFO gave up: cron entered FATAL state, too many start retries too quickly
2026-01-24 17:10:44,334 INFO exited: nginx (exit status 1; not expected)
2026-01-24 17:10:45,338 INFO spawned: 'nginx' with pid 91
2026-01-24 17:10:46,360 INFO success: nginx entered RUNNING state, process has stayed up for > than 1 seconds (startsecs)
2026-01-24 17:10:47,863 INFO exited: nginx (exit status 1; not expected)
2026-01-24 17:10:48,866 INFO spawned: 'nginx' with pid 92
2026-01-24 17:10:49,890 INFO success: nginx entered RUNNING state, process has stayed up for > than 1 seconds (startsecs)
2026-01-24 17:10:51,396 INFO exited: nginx (exit status 1; not expected)
2026-01-24 17:10:52,401 INFO spawned: 'nginx' with pid 93
2026-01-24 17:10:53,459 INFO success: nginx entered RUNNING state, process has stayed up for > than 1 seconds (startsecs)
2026-01-24 17:10:54,965 INFO exited: nginx (exit status 1; not expected)
2026-01-24 17:10:55,972 INFO spawned: 'nginx' with pid 94
2026-01-24 17:10:57,032 INFO success: nginx entered RUNNING state, process has stayed up for > than 1 seconds (startsecs)
2026-01-24 17:10:58,538 INFO exited: nginx (exit status 1; not expected)
2026-01-24 17:10:59,544 INFO spawned: 'nginx' with pid 95
2026-01-24 17:11:00,593 INFO success: nginx entered RUNNING state, process has stayed up for > than 1 seconds (startsecs)
2026-01-24 17:11:02,098 INFO exited: nginx (exit status 1; not expected)
2026-01-24 17:11:03,102 INFO spawned: 'nginx' with pid 96
2026-01-24 17:11:04,127 INFO success: nginx entered RUNNING state, process has stayed up for > than 1 seconds (startsecs)
2026-01-24 17:11:05,629 INFO exited: nginx (exit status 1; not expected)
2026-01-24 17:11:06,633 INFO spawned: 'nginx' with pid 97
2026-01-24 17:11:07,656 INFO success: nginx entered RUNNING state, process has stayed up for > than 1 seconds (startsecs)
2026-01-24 17:11:09,161 INFO exited: nginx (exit status 1; not expected)
2026-01-24 17:11:10,167 INFO spawned: 'nginx' with pid 98
2026-01-24 17:11:11,210 INFO success: nginx entered RUNNING state, process has stayed up for > than 1 seconds (startsecs)
2026-01-24 17:11:12,713 INFO exited: nginx (exit status 1; not expected)
2026-01-24 17:11:13,720 INFO spawned: 'nginx' with pid 99
2026-01-24 17:11:14,779 INFO success: nginx entered RUNNING state, process has stayed up for > than 1 seconds (startsecs)
2026-01-24 17:11:16,285 INFO exited: nginx (exit status 1; not expected)
2026-01-24 17:11:17,291 INFO spawned: 'nginx' with pid 100
2026-01-24 17:11:18,349 INFO success: nginx entered RUNNING state, process has stayed up for > than 1 seconds (startsecs)
2026-01-24 17:11:19,853 INFO exited: nginx (exit status 1; not expected)
2026-01-24 17:11:20,856 INFO spawned: 'nginx' with pid 101
2026-01-24 17:11:21,881 INFO success: nginx entered RUNNING state, process has stayed up for > than 1 seconds (startsecs)
2026-01-24 17:11:23,384 INFO exited: nginx (exit status 1; not expected)
2026-01-24 17:11:24,392 INFO spawned: 'nginx' with pid 102
2026-01-24 17:11:25,450 INFO success: nginx entered RUNNING state, process has stayed up for > than 1 seconds (startsecs)
2026-01-24 17:11:26,956 INFO exited: nginx (exit status 1; not expected)
2026-01-24 17:11:27,962 INFO spawned: 'nginx' with pid 103
2026-01-24 17:11:29,020 INFO success: nginx entered RUNNING state, process has stayed up for > than 1 seconds (startsecs)
2026-01-24 17:11:30,523 INFO exited: nginx (exit status 1; not expected)
2026-01-24 17:11:31,526 INFO spawned: 'nginx' with pid 104
2026-01-24 17:11:32,549 INFO success: nginx entered RUNNING state, process has stayed up for > than 1 seconds (startsecs)
2026-01-24 17:11:34,051 INFO exited: nginx (exit status 1; not expected)
2026-01-24 17:11:35,057 INFO spawned: 'nginx' with pid 105
2026-01-24 17:11:36,114 INFO success: nginx entered RUNNING state, process has stayed up for > than 1 seconds (startsecs)
2026-01-24 17:11:37,617 INFO exited: nginx (exit status 1; not expected)
2026-01-24 17:11:38,623 INFO spawned: 'nginx' with pid 106
2026-01-24 17:11:39,681 INFO success: nginx entered RUNNING state, process has stayed up for > than 1 seconds (startsecs)
2026-01-24 17:11:41,184 INFO exited: nginx (exit status 1; not expected)
2026-01-24 17:11:42,187 INFO spawned: 'nginx' with pid 107
2026-01-24 17:11:43,216 INFO success: nginx entered RUNNING state, process has stayed up for > than 1 seconds (startsecs)
2026-01-24 17:11:44,721 INFO exited: nginx (exit status 1; not expected)
2026-01-24 17:11:45,725 INFO spawned: 'nginx' with pid 115
2026-01-24 17:11:46,748 INFO success: nginx entered RUNNING state, process has stayed up for > than 1 seconds (startsecs)
2026-01-24 17:11:48,254 INFO exited: nginx (exit status 1; not expected)
2026-01-24 17:11:49,262 INFO spawned: 'nginx' with pid 122
2026-01-24 17:11:50,349 INFO success: nginx entered RUNNING state, process has stayed up for > than 1 seconds (startsecs)
2026-01-24 17:11:51,852 INFO exited: nginx (exit status 1; not expected)
2026-01-24 17:11:52,855 INFO spawned: 'nginx' with pid 141
2026-01-24 17:11:53,878 INFO success: nginx entered RUNNING state, process has stayed up for > than 1 seconds (startsecs)
2026-01-24 17:11:55,381 INFO exited: nginx (exit status 1; not expected)
2026-01-24 17:11:56,384 INFO spawned: 'nginx' with pid 142
2026-01-24 17:11:57,407 INFO success: nginx entered RUNNING state, process has stayed up for > than 1 seconds (startsecs)
2026-01-24 17:11:58,912 INFO exited: nginx (exit status 1; not expected)
2026-01-24 17:11:59,918 INFO spawned: 'nginx' with pid 143
2026-01-24 17:12:00,980 INFO success: nginx entered RUNNING state, process has stayed up for > than 1 seconds (startsecs)
2026-01-24 17:12:02,485 INFO exited: nginx (exit status 1; not expected)
2026-01-24 17:12:03,491 INFO spawned: 'nginx' with pid 144
2026-01-24 17:12:04,551 INFO success: nginx entered RUNNING state, process has stayed up for > than 1 seconds (startsecs)
2026-01-24 17:12:06,057 INFO exited: nginx (exit status 1; not expected)
2026-01-24 17:12:07,063 INFO spawned: 'nginx' with pid 145
2026-01-24 17:12:08,121 INFO success: nginx entered RUNNING state, process has stayed up for > than 1 seconds (startsecs)
2026-01-24 17:12:09,625 INFO exited: nginx (exit status 1; not expected)
2026-01-24 17:12:10,632 INFO spawned: 'nginx' with pid 146
2026-01-24 17:12:11,691 INFO success: nginx entered RUNNING state, process has stayed up for > than 1 seconds (startsecs)
2026-01-24 17:12:13,195 INFO exited: nginx (exit status 1; not expected)
2026-01-24 17:12:14,198 INFO spawned: 'nginx' with pid 147
2026-01-24 17:12:15,221 INFO success: nginx entered RUNNING state, process has stayed up for > than 1 seconds (startsecs)
2026-01-24 17:12:16,724 INFO exited: nginx (exit status 1; not expected)
2026-01-24 17:12:17,727 INFO spawned: 'nginx' with pid 148
2026-01-24 17:12:18,750 INFO success: nginx entered RUNNING state, process has stayed up for > than 1 seconds (startsecs)
2026-01-24 17:12:20,255 INFO exited: nginx (exit status 1; not expected)
2026-01-24 17:12:21,261 INFO spawned: 'nginx' with pid 149
2026-01-24 17:12:22,320 INFO success: nginx entered RUNNING state, process has stayed up for > than 1 seconds (startsecs)
2026-01-24 17:12:23,825 INFO exited: nginx (exit status 1; not expected)
2026-01-24 17:12:24,831 INFO spawned: 'nginx' with pid 150
2026-01-24 17:12:25,886 INFO success: nginx entered RUNNING state, process has stayed up for > than 1 seconds (startsecs)
2026-01-24 17:12:27,389 INFO exited: nginx (exit status 1; not expected)
2026-01-24 17:12:28,393 INFO spawned: 'nginx' with pid 151
2026-01-24 17:12:29,415 INFO success: nginx entered RUNNING state, process has stayed up for > than 1 seconds (startsecs)
2026-01-24 17:12:30,922 INFO exited: nginx (exit status 1; not expected)
2026-01-24 17:12:31,928 INFO spawned: 'nginx' with pid 158
2026-01-24 17:12:32,986 INFO success: nginx entered RUNNING state, process has stayed up for > than 1 seconds (startsecs)
2026-01-24 17:12:34,491 INFO exited: nginx (exit status 1; not expected)
2026-01-24 17:12:35,498 INFO spawned: 'nginx' with pid 159
2026-01-24 17:12:36,576 INFO success: nginx entered RUNNING state, process has stayed up for > than 1 seconds (startsecs)
2026-01-24 17:12:38,082 INFO exited: nginx (exit status 1; not expected)
2026-01-24 17:12:39,087 INFO spawned: 'nginx' with pid 160
2026-01-24 17:12:40,112 INFO success: nginx entered RUNNING state, process has stayed up for > than 1 seconds (startsecs)
2026-01-24 17:12:41,618 INFO exited: nginx (exit status 1; not expected)
2026-01-24 17:12:42,622 INFO spawned: 'nginx' with pid 161
2026-01-24 17:12:43,644 INFO success: nginx entered RUNNING state, process has stayed up for > than 1 seconds (startsecs)
2026-01-24 17:12:45,147 INFO exited: nginx (exit status 1; not expected)
2026-01-24 17:12:46,149 INFO spawned: 'nginx' with pid 162
2026-01-24 17:12:47,172 INFO success: nginx entered RUNNING state, process has stayed up for > than 1 seconds (startsecs)
2026-01-24 17:12:48,678 INFO exited: nginx (exit status 1; not expected)
2026-01-24 17:12:49,681 INFO spawned: 'nginx' with pid 163
2026-01-24 17:12:50,705 INFO success: nginx entered RUNNING state, process has stayed up for > than 1 seconds (startsecs)
2026-01-24 17:12:52,208 INFO exited: nginx (exit status 1; not expected)
2026-01-24 17:12:53,211 INFO spawned: 'nginx' with pid 164
2026-01-24 17:12:54,235 INFO success: nginx entered RUNNING state, process has stayed up for > than 1 seconds (startsecs)
2026-01-24 17:12:55,740 INFO exited: nginx (exit status 1; not expected)
2026-01-24 17:12:56,746 INFO spawned: 'nginx' with pid 165
2026-01-24 17:12:57,807 INFO success: nginx entered RUNNING state, process has stayed up for > than 1 seconds (startsecs)
2026-01-24 17:12:59,312 INFO exited: nginx (exit status 1; not expected)
2026-01-24 17:13:00,316 INFO spawned: 'nginx' with pid 166
2026-01-24 17:13:01,340 INFO success: nginx entered RUNNING state, process has stayed up for > than 1 seconds (startsecs)
2026-01-24 17:13:02,845 INFO exited: nginx (exit status 1; not expected)
2026-01-24 17:13:03,849 INFO spawned: 'nginx' with pid 167
2026-01-24 17:13:04,872 INFO success: nginx entered RUNNING state, process has stayed up for > than 1 seconds (startsecs)
2026-01-24 17:13:06,378 INFO exited: nginx (exit status 1; not expected)
2026-01-24 17:13:07,385 INFO spawned: 'nginx' with pid 168
2026-01-24 17:13:08,446 INFO success: nginx entered RUNNING state, process has stayed up for > than 1 seconds (startsecs)
2026-01-24 17:13:09,952 INFO exited: nginx (exit status 1; not expected)
2026-01-24 17:13:10,958 INFO spawned: 'nginx' with pid 181
2026-01-24 17:13:12,016 INFO success: nginx entered RUNNING state, process has stayed up for > than 1 seconds (startsecs)
2026-01-24 17:13:13,519 INFO exited: nginx (exit status 1; not expected)
2026-01-24 17:13:14,522 INFO spawned: 'nginx' with pid 182
2026-01-24 17:13:15,547 INFO success: nginx entered RUNNING state, process has stayed up for > than 1 seconds (startsecs)
2026-01-24 17:13:17,050 INFO exited: nginx (exit status 1; not expected)
2026-01-24 17:13:18,053 INFO spawned: 'nginx' with pid 183
2026-01-24 17:13:19,076 INFO success: nginx entered RUNNING state, process has stayed up for > than 1 seconds (startsecs)
2026-01-24 17:13:20,579 INFO exited: nginx (exit status 1; not expected)
2026-01-24 17:13:21,582 INFO spawned: 'nginx' with pid 184
2026-01-24 17:13:22,605 INFO success: nginx entered RUNNING state, process has stayed up for > than 1 seconds (startsecs)
2026-01-24 17:13:24,108 INFO exited: nginx (exit status 1; not expected)
2026-01-24 17:13:25,111 INFO spawned: 'nginx' with pid 185
2026-01-24 17:13:26,135 INFO success: nginx entered RUNNING state, process has stayed up for > than 1 seconds (startsecs)
2026-01-24 17:13:27,640 INFO exited: nginx (exit status 1; not expected)
2026-01-24 17:13:28,646 INFO spawned: 'nginx' with pid 186
2026-01-24 17:13:29,704 INFO success: nginx entered RUNNING state, process has stayed up for > than 1 seconds (startsecs)
2026-01-24 17:13:31,209 INFO exited: nginx (exit status 1; not expected)
2026-01-24 17:13:32,213 INFO spawned: 'nginx' with pid 187
2026-01-24 17:13:33,269 INFO success: nginx entered RUNNING state, process has stayed up for > than 1 seconds (startsecs)
2026-01-24 17:13:34,773 INFO exited: nginx (exit status 1; not expected)
2026-01-24 17:13:35,781 INFO spawned: 'nginx' with pid 188
2026-01-24 17:13:36,804 INFO success: nginx entered RUNNING state, process has stayed up for > than 1 seconds (startsecs)
2026-01-24 17:13:38,306 INFO exited: nginx (exit status 1; not expected)
2026-01-24 17:13:39,310 INFO spawned: 'nginx' with pid 195
2026-01-24 17:13:40,333 INFO success: nginx entered RUNNING state, process has stayed up for > than 1 seconds (startsecs)
2026-01-24 17:13:41,838 INFO exited: nginx (exit status 1; not expected)
2026-01-24 17:13:42,842 INFO spawned: 'nginx' with pid 196
2026-01-24 17:13:43,867 INFO success: nginx entered RUNNING state, process has stayed up for > than 1 seconds (startsecs)
2026-01-24 17:13:45,372 INFO exited: nginx (exit status 1; not expected)
2026-01-24 17:13:46,376 INFO spawned: 'nginx' with pid 197
2026-01-24 17:13:47,399 INFO success: nginx entered RUNNING state, process has stayed up for > than 1 seconds (startsecs)
2026-01-24 17:13:48,903 INFO exited: nginx (exit status 1; not expected)
2026-01-24 17:13:49,906 INFO spawned: 'nginx' with pid 198
2026-01-24 17:13:50,928 INFO success: nginx entered RUNNING state, process has stayed up for > than 1 seconds (startsecs)
2026-01-24 17:13:52,431 INFO exited: nginx (exit status 1; not expected)
2026-01-24 17:13:53,434 INFO spawned: 'nginx' with pid 199
2026-01-24 17:13:54,458 INFO success: nginx entered RUNNING state, process has stayed up for > than 1 seconds (startsecs)
2026-01-24 17:13:55,961 INFO exited: nginx (exit status 1; not expected)
2026-01-24 17:13:56,965 INFO spawned: 'nginx' with pid 200
2026-01-24 17:13:57,989 INFO success: nginx entered RUNNING state, process has stayed up for > than 1 seconds (startsecs)
2026-01-24 17:13:59,492 INFO exited: nginx (exit status 1; not expected)
2026-01-24 17:14:00,499 INFO spawned: 'nginx' with pid 201
2026-01-24 17:14:01,560 INFO success: nginx entered RUNNING state, process has stayed up for > than 1 seconds (startsecs)
2026-01-24 17:14:03,066 INFO exited: nginx (exit status 1; not expected)
2026-01-24 17:14:04,072 INFO spawned: 'nginx' with pid 202
2026-01-24 17:14:05,146 INFO success: nginx entered RUNNING state, process has stayed up for > than 1 seconds (startsecs)
2026-01-24 17:14:06,648 INFO exited: nginx (exit status 1; not expected)
2026-01-24 17:14:07,654 INFO spawned: 'nginx' with pid 203
2026-01-24 17:14:08,705 INFO success: nginx entered RUNNING state, process has stayed up for > than 1 seconds (startsecs)
2026-01-24 17:14:10,210 INFO exited: nginx (exit status 1; not expected)
2026-01-24 17:14:11,216 INFO spawned: 'nginx' with pid 204
2026-01-24 17:14:12,270 INFO success: nginx entered RUNNING state, process has stayed up for > than 1 seconds (startsecs)
2026-01-24 17:14:13,775 INFO exited: nginx (exit status 1; not expected)
2026-01-24 17:14:14,781 INFO spawned: 'nginx' with pid 205
2026-01-24 17:14:15,853 INFO success: nginx entered RUNNING state, process has stayed up for > than 1 seconds (startsecs)
2026-01-24 17:14:17,358 INFO exited: nginx (exit status 1; not expected)
2026-01-24 17:14:18,364 INFO spawned: 'nginx' with pid 206
2026-01-24 17:14:19,421 INFO success: nginx entered RUNNING state, process has stayed up for > than 1 seconds (startsecs)
2026-01-24 17:14:20,927 INFO exited: nginx (exit status 1; not expected)
2026-01-24 17:14:21,930 INFO spawned: 'nginx' with pid 207
2026-01-24 17:14:22,953 INFO success: nginx entered RUNNING state, process has stayed up for > than 1 seconds (startsecs)
2026-01-24 17:14:24,456 INFO exited: nginx (exit status 1; not expected)
2026-01-24 17:14:25,459 INFO spawned: 'nginx' with pid 214
2026-01-24 17:14:26,482 INFO success: nginx entered RUNNING state, process has stayed up for > than 1 seconds (startsecs)
2026-01-24 17:14:27,984 INFO exited: nginx (exit status 1; not expected)
2026-01-24 17:14:28,988 INFO spawned: 'nginx' with pid 215
2026-01-24 17:14:30,013 INFO success: nginx entered RUNNING state, process has stayed up for > than 1 seconds (startsecs)
2026-01-24 17:14:31,518 INFO exited: nginx (exit status 1; not expected)
2026-01-24 17:14:32,524 INFO spawned: 'nginx' with pid 216
2026-01-24 17:14:33,585 INFO success: nginx entered RUNNING state, process has stayed up for > than 1 seconds (startsecs)
2026-01-24 17:14:35,091 INFO exited: nginx (exit status 1; not expected)
2026-01-24 17:14:36,095 INFO spawned: 'nginx' with pid 232
2026-01-24 17:14:37,119 INFO success: nginx entered RUNNING state, process has stayed up for > than 1 seconds (startsecs)
2026-01-24 17:14:38,621 INFO exited: nginx (exit status 1; not expected)
2026-01-24 17:14:39,624 INFO spawned: 'nginx' with pid 233
2026-01-24 17:14:40,647 INFO success: nginx entered RUNNING state, process has stayed up for > than 1 seconds (startsecs)
2026-01-24 17:14:42,153 INFO exited: nginx (exit status 1; not expected)
2026-01-24 17:14:43,159 INFO spawned: 'nginx' with pid 234
2026-01-24 17:14:44,219 INFO success: nginx entered RUNNING state, process has stayed up for > than 1 seconds (startsecs)
2026-01-24 17:14:45,725 INFO exited: nginx (exit status 1; not expected)
2026-01-24 17:14:46,731 INFO spawned: 'nginx' with pid 235
2026-01-24 17:14:47,789 INFO success: nginx entered RUNNING state, process has stayed up for > than 1 seconds (startsecs)
2026-01-24 17:14:49,292 INFO exited: nginx (exit status 1; not expected)
2026-01-24 17:14:50,295 INFO spawned: 'nginx' with pid 236
2026-01-24 17:14:51,319 INFO success: nginx entered RUNNING state, process has stayed up for > than 1 seconds (startsecs)
2026-01-24 17:14:52,822 INFO exited: nginx (exit status 1; not expected)
2026-01-24 17:14:53,825 INFO spawned: 'nginx' with pid 237
2026-01-24 17:14:54,849 INFO success: nginx entered RUNNING state, process has stayed up for > than 1 seconds (startsecs)
2026-01-24 17:14:56,351 INFO exited: nginx (exit status 1; not expected)
2026-01-24 17:14:57,354 INFO spawned: 'nginx' with pid 238
2026-01-24 17:14:58,377 INFO success: nginx entered RUNNING state, process has stayed up for > than 1 seconds (startsecs)
2026-01-24 17:14:59,882 INFO exited: nginx (exit status 1; not expected)
2026-01-24 17:15:00,888 INFO spawned: 'nginx' with pid 239
2026-01-24 17:15:01,947 INFO success: nginx entered RUNNING state, process has stayed up for > than 1 seconds (startsecs)
2026-01-24 17:15:03,454 INFO exited: nginx (exit status 1; not expected)
2026-01-24 17:15:04,460 INFO spawned: 'nginx' with pid 240
2026-01-24 17:15:05,521 INFO success: nginx entered RUNNING state, process has stayed up for > than 1 seconds (startsecs)
2026-01-24 17:15:07,026 INFO exited: nginx (exit status 1; not expected)
2026-01-24 17:15:08,033 INFO spawned: 'nginx' with pid 241
2026-01-24 17:15:09,093 INFO success: nginx entered RUNNING state, process has stayed up for > than 1 seconds (startsecs)
2026-01-24 17:15:10,597 INFO exited: nginx (exit status 1; not expected)
2026-01-24 17:15:11,603 INFO spawned: 'nginx' with pid 242
2026-01-24 17:15:12,664 INFO success: nginx entered RUNNING state, process has stayed up for > than 1 seconds (startsecs)
2026-01-24 17:15:14,170 INFO exited: nginx (exit status 1; not expected)
2026-01-24 17:15:15,177 INFO spawned: 'nginx' with pid 243
2026-01-24 17:15:16,241 INFO success: nginx entered RUNNING state, process has stayed up for > than 1 seconds (startsecs)
2026-01-24 17:15:17,747 INFO exited: nginx (exit status 1; not expected)
2026-01-24 17:15:18,753 INFO spawned: 'nginx' with pid 244
2026-01-24 17:15:19,811 INFO success: nginx entered RUNNING state, process has stayed up for > than 1 seconds (startsecs)
2026-01-24 17:15:21,315 INFO exited: nginx (exit status 1; not expected)
2026-01-24 17:15:22,319 INFO spawned: 'nginx' with pid 245
2026-01-24 17:15:23,345 INFO success: nginx entered RUNNING state, process has stayed up for > than 1 seconds (startsecs)
2026-01-24 17:15:24,851 INFO exited: nginx (exit status 1; not expected)
2026-01-24 17:15:25,855 INFO spawned: 'nginx' with pid 246
2026-01-24 17:15:26,879 INFO success: nginx entered RUNNING state, process has stayed up for > than 1 seconds (startsecs)
2026-01-24 17:15:28,380 INFO exited: nginx (exit status 1; not expected)
2026-01-24 17:15:29,386 INFO spawned: 'nginx' with pid 247
2026-01-24 17:15:30,444 INFO success: nginx entered RUNNING state, process has stayed up for > than 1 seconds (startsecs)
2026-01-24 17:15:31,947 INFO exited: nginx (exit status 1; not expected)
2026-01-24 17:15:32,951 INFO spawned: 'nginx' with pid 248
2026-01-24 17:15:33,973 INFO success: nginx entered RUNNING state, process has stayed up for > than 1 seconds (startsecs)
2026-01-24 17:15:35,475 INFO exited: nginx (exit status 1; not expected)
2026-01-24 17:15:36,481 INFO spawned: 'nginx' with pid 249
2026-01-24 17:15:37,540 INFO success: nginx entered RUNNING state, process has stayed up for > than 1 seconds (startsecs)
2026-01-24 17:15:39,046 INFO exited: nginx (exit status 1; not expected)
2026-01-24 17:15:40,053 INFO spawned: 'nginx' with pid 250
2026-01-24 17:15:41,125 INFO success: nginx entered RUNNING state, process has stayed up for > than 1 seconds (startsecs)
2026-01-24 17:15:42,626 WARN received SIGTERM indicating exit request
2026-01-24 17:15:42,626 INFO waiting for nginx to die
2026-01-24 17:15:42,628 INFO exited: nginx (exit status 1; not expected)
2026-01-24 17:15:43,511 INFO Set uid to user 0 succeeded
2026-01-24 17:15:43,514 INFO supervisord started with pid 1
2026-01-24 17:15:44,518 INFO spawned: 'nginx' with pid 99
2026-01-24 17:15:44,519 INFO spawnerr: can't find command '/usr/sbin/cron'
2026-01-24 17:15:44,562 INFO exited: nginx (exit status 0; not expected)
2026-01-24 17:15:45,565 INFO spawned: 'nginx' with pid 103
2026-01-24 17:15:45,567 INFO spawnerr: can't find command '/usr/sbin/cron'
2026-01-24 17:15:46,591 INFO success: nginx entered RUNNING state, process has stayed up for > than 1 seconds (startsecs)
2026-01-24 17:15:47,592 INFO spawnerr: can't find command '/usr/sbin/cron'
2026-01-24 17:15:48,096 INFO exited: nginx (exit status 1; not expected)
2026-01-24 17:15:49,102 INFO spawned: 'nginx' with pid 104
2026-01-24 17:15:50,157 INFO success: nginx entered RUNNING state, process has stayed up for > than 1 seconds (startsecs)
2026-01-24 17:15:50,658 INFO spawnerr: can't find command '/usr/sbin/cron'
2026-01-24 17:15:50,658 INFO gave up: cron entered FATAL state, too many start retries too quickly
2026-01-24 17:15:51,659 INFO exited: nginx (exit status 1; not expected)
2026-01-24 17:15:52,665 INFO spawned: 'nginx' with pid 105
2026-01-24 17:15:53,722 INFO success: nginx entered RUNNING state, process has stayed up for > than 1 seconds (startsecs)
2026-01-24 17:15:55,225 INFO exited: nginx (exit status 1; not expected)
2026-01-24 17:15:56,229 INFO spawned: 'nginx' with pid 106
2026-01-24 17:15:57,253 INFO success: nginx entered RUNNING state, process has stayed up for > than 1 seconds (startsecs)
2026-01-24 17:15:58,756 INFO exited: nginx (exit status 1; not expected)
2026-01-24 17:15:59,760 INFO spawned: 'nginx' with pid 107
2026-01-24 17:16:00,783 INFO success: nginx entered RUNNING state, process has stayed up for > than 1 seconds (startsecs)
2026-01-24 17:16:02,289 INFO exited: nginx (exit status 1; not expected)
2026-01-24 17:16:03,293 INFO spawned: 'nginx' with pid 108
2026-01-24 17:16:04,318 INFO success: nginx entered RUNNING state, process has stayed up for > than 1 seconds (startsecs)
2026-01-24 17:16:05,821 INFO exited: nginx (exit status 1; not expected)
2026-01-24 17:16:06,824 INFO spawned: 'nginx' with pid 109
2026-01-24 17:16:07,847 INFO success: nginx entered RUNNING state, process has stayed up for > than 1 seconds (startsecs)
2026-01-24 17:16:09,353 INFO exited: nginx (exit status 1; not expected)
2026-01-24 17:16:10,360 INFO spawned: 'nginx' with pid 110
2026-01-24 17:16:11,420 INFO success: nginx entered RUNNING state, process has stayed up for > than 1 seconds (startsecs)
2026-01-24 17:16:12,925 INFO exited: nginx (exit status 1; not expected)
2026-01-24 17:16:13,929 INFO spawned: 'nginx' with pid 111
2026-01-24 17:16:14,952 INFO success: nginx entered RUNNING state, process has stayed up for > than 1 seconds (startsecs)
2026-01-24 17:16:16,455 INFO exited: nginx (exit status 1; not expected)
2026-01-24 17:16:17,458 INFO spawned: 'nginx' with pid 112
2026-01-24 17:16:18,482 INFO success: nginx entered RUNNING state, process has stayed up for > than 1 seconds (startsecs)
2026-01-24 17:16:19,987 INFO exited: nginx (exit status 1; not expected)
2026-01-24 17:16:20,993 INFO spawned: 'nginx' with pid 113
2026-01-24 17:16:22,052 INFO success: nginx entered RUNNING state, process has stayed up for > than 1 seconds (startsecs)
2026-01-24 17:16:23,558 INFO exited: nginx (exit status 1; not expected)
2026-01-24 17:16:24,564 INFO spawned: 'nginx' with pid 114
2026-01-24 17:16:25,622 INFO success: nginx entered RUNNING state, process has stayed up for > than 1 seconds (startsecs)
2026-01-24 17:16:27,128 INFO exited: nginx (exit status 1; not expected)
2026-01-24 17:16:28,131 INFO spawned: 'nginx' with pid 115
2026-01-24 17:16:29,155 INFO success: nginx entered RUNNING state, process has stayed up for > than 1 seconds (startsecs)
2026-01-24 17:16:30,660 INFO exited: nginx (exit status 1; not expected)
2026-01-24 17:16:31,664 INFO spawned: 'nginx' with pid 116
2026-01-24 17:16:32,687 INFO success: nginx entered RUNNING state, process has stayed up for > than 1 seconds (startsecs)
2026-01-24 17:16:34,189 INFO exited: nginx (exit status 1; not expected)
2026-01-24 17:16:35,195 INFO spawned: 'nginx' with pid 117
2026-01-24 17:16:36,252 INFO success: nginx entered RUNNING state, process has stayed up for > than 1 seconds (startsecs)
2026-01-24 17:16:37,755 INFO exited: nginx (exit status 1; not expected)
2026-01-24 17:16:38,758 INFO spawned: 'nginx' with pid 118
2026-01-24 17:16:39,780 INFO success: nginx entered RUNNING state, process has stayed up for > than 1 seconds (startsecs)
2026-01-24 17:16:41,283 INFO exited: nginx (exit status 1; not expected)
2026-01-24 17:16:42,290 INFO spawned: 'nginx' with pid 119
2026-01-24 17:16:43,370 INFO success: nginx entered RUNNING state, process has stayed up for > than 1 seconds (startsecs)
2026-01-24 17:16:44,873 INFO exited: nginx (exit status 1; not expected)
2026-01-24 17:16:45,877 INFO spawned: 'nginx' with pid 120
2026-01-24 17:16:46,900 INFO success: nginx entered RUNNING state, process has stayed up for > than 1 seconds (startsecs)
2026-01-24 17:16:48,402 INFO exited: nginx (exit status 1; not expected)
2026-01-24 17:16:49,406 INFO spawned: 'nginx' with pid 121
2026-01-24 17:16:50,429 INFO success: nginx entered RUNNING state, process has stayed up for > than 1 seconds (startsecs)
2026-01-24 17:16:51,934 INFO exited: nginx (exit status 1; not expected)
2026-01-24 17:16:52,940 INFO spawned: 'nginx' with pid 122
2026-01-24 17:16:54,000 INFO success: nginx entered RUNNING state, process has stayed up for > than 1 seconds (startsecs)
2026-01-24 17:16:55,506 INFO exited: nginx (exit status 1; not expected)
2026-01-24 17:16:56,512 INFO spawned: 'nginx' with pid 123
2026-01-24 17:16:57,572 INFO success: nginx entered RUNNING state, process has stayed up for > than 1 seconds (startsecs)
2026-01-24 17:16:59,078 INFO exited: nginx (exit status 1; not expected)
2026-01-24 17:17:00,084 INFO spawned: 'nginx' with pid 124
2026-01-24 17:17:01,143 INFO success: nginx entered RUNNING state, process has stayed up for > than 1 seconds (startsecs)
2026-01-24 17:17:02,648 INFO exited: nginx (exit status 1; not expected)
2026-01-24 17:17:03,652 INFO spawned: 'nginx' with pid 125
2026-01-24 17:17:04,676 INFO success: nginx entered RUNNING state, process has stayed up for > than 1 seconds (startsecs)
2026-01-24 17:17:06,179 INFO exited: nginx (exit status 1; not expected)
2026-01-24 17:17:07,182 INFO spawned: 'nginx' with pid 126
2026-01-24 17:17:08,205 INFO success: nginx entered RUNNING state, process has stayed up for > than 1 seconds (startsecs)
2026-01-24 17:17:09,707 INFO exited: nginx (exit status 1; not expected)
2026-01-24 17:17:10,710 INFO spawned: 'nginx' with pid 127
2026-01-24 17:17:11,735 INFO success: nginx entered RUNNING state, process has stayed up for > than 1 seconds (startsecs)
2026-01-24 17:17:13,240 INFO exited: nginx (exit status 1; not expected)
2026-01-24 17:17:14,246 INFO spawned: 'nginx' with pid 128
2026-01-24 17:17:15,319 INFO success: nginx entered RUNNING state, process has stayed up for > than 1 seconds (startsecs)
2026-01-24 17:17:16,822 INFO exited: nginx (exit status 1; not expected)
2026-01-24 17:17:17,825 INFO spawned: 'nginx' with pid 129
2026-01-24 17:17:18,847 INFO success: nginx entered RUNNING state, process has stayed up for > than 1 seconds (startsecs)
2026-01-24 17:17:20,350 INFO exited: nginx (exit status 1; not expected)
2026-01-24 17:17:21,353 INFO spawned: 'nginx' with pid 130
2026-01-24 17:17:22,375 INFO success: nginx entered RUNNING state, process has stayed up for > than 1 seconds (startsecs)
2026-01-24 17:17:23,882 INFO exited: nginx (exit status 1; not expected)
2026-01-24 17:17:24,888 INFO spawned: 'nginx' with pid 131
2026-01-24 17:17:25,948 INFO success: nginx entered RUNNING state, process has stayed up for > than 1 seconds (startsecs)
2026-01-24 17:17:27,454 INFO exited: nginx (exit status 1; not expected)
2026-01-24 17:17:28,460 INFO spawned: 'nginx' with pid 132
2026-01-24 17:17:29,519 INFO success: nginx entered RUNNING state, process has stayed up for > than 1 seconds (startsecs)
2026-01-24 17:17:31,024 INFO exited: nginx (exit status 1; not expected)
2026-01-24 17:17:32,029 INFO spawned: 'nginx' with pid 133
2026-01-24 17:17:33,092 INFO success: nginx entered RUNNING state, process has stayed up for > than 1 seconds (startsecs)
2026-01-24 17:17:34,597 INFO exited: nginx (exit status 1; not expected)
2026-01-24 17:17:35,601 INFO spawned: 'nginx' with pid 134
2026-01-24 17:17:36,624 INFO success: nginx entered RUNNING state, process has stayed up for > than 1 seconds (startsecs)
2026-01-24 17:17:38,127 INFO exited: nginx (exit status 1; not expected)
2026-01-24 17:17:39,130 INFO spawned: 'nginx' with pid 135
2026-01-24 17:17:40,153 INFO success: nginx entered RUNNING state, process has stayed up for > than 1 seconds (startsecs)
2026-01-24 17:17:41,655 INFO exited: nginx (exit status 1; not expected)
2026-01-24 17:17:42,660 INFO spawned: 'nginx' with pid 136
2026-01-24 17:17:43,684 INFO success: nginx entered RUNNING state, process has stayed up for > than 1 seconds (startsecs)
2026-01-24 17:17:45,189 INFO exited: nginx (exit status 1; not expected)
2026-01-24 17:17:46,195 INFO spawned: 'nginx' with pid 137
2026-01-24 17:17:47,255 INFO success: nginx entered RUNNING state, process has stayed up for > than 1 seconds (startsecs)
2026-01-24 17:17:48,761 INFO exited: nginx (exit status 1; not expected)
2026-01-24 17:17:49,770 INFO spawned: 'nginx' with pid 138
2026-01-24 17:17:50,829 INFO success: nginx entered RUNNING state, process has stayed up for > than 1 seconds (startsecs)
2026-01-24 17:17:52,331 INFO exited: nginx (exit status 1; not expected)
2026-01-24 17:17:53,334 INFO spawned: 'nginx' with pid 139
2026-01-24 17:17:53,335 WARN received SIGTERM indicating exit request
2026-01-24 17:17:53,335 INFO waiting for nginx to die
2026-01-24 17:17:53,358 INFO stopped: nginx (terminated by SIGTERM)
2026-01-24 17:17:54,317 INFO Set uid to user 0 succeeded
2026-01-24 17:17:54,321 INFO supervisord started with pid 1
2026-01-24 17:17:55,324 INFO spawned: 'nginx' with pid 98
2026-01-24 17:17:55,325 INFO spawnerr: can't find command '/usr/sbin/cron'
2026-01-24 17:17:55,402 INFO exited: nginx (exit status 0; not expected)
2026-01-24 17:17:56,408 INFO spawned: 'nginx' with pid 102
2026-01-24 17:17:56,410 INFO spawnerr: can't find command '/usr/sbin/cron'
2026-01-24 17:17:57,465 INFO success: nginx entered RUNNING state, process has stayed up for > than 1 seconds (startsecs)
2026-01-24 17:17:58,466 INFO spawnerr: can't find command '/usr/sbin/cron'
2026-01-24 17:17:58,971 INFO exited: nginx (exit status 1; not expected)
2026-01-24 17:17:59,977 INFO spawned: 'nginx' with pid 103
2026-01-24 17:18:01,038 INFO success: nginx entered RUNNING state, process has stayed up for > than 1 seconds (startsecs)
2026-01-24 17:18:01,539 INFO spawnerr: can't find command '/usr/sbin/cron'
2026-01-24 17:18:01,539 INFO gave up: cron entered FATAL state, too many start retries too quickly
2026-01-24 17:18:02,541 INFO exited: nginx (exit status 1; not expected)
2026-01-24 17:18:03,544 INFO spawned: 'nginx' with pid 104
2026-01-24 17:18:04,586 INFO success: nginx entered RUNNING state, process has stayed up for > than 1 seconds (startsecs)
2026-01-24 17:18:06,092 INFO exited: nginx (exit status 1; not expected)
2026-01-24 17:18:07,096 INFO spawned: 'nginx' with pid 105
2026-01-24 17:18:08,133 INFO success: nginx entered RUNNING state, process has stayed up for > than 1 seconds (startsecs)
2026-01-24 17:18:09,636 INFO exited: nginx (exit status 1; not expected)
2026-01-24 17:18:10,639 INFO spawned: 'nginx' with pid 106
2026-01-24 17:18:11,663 INFO success: nginx entered RUNNING state, process has stayed up for > than 1 seconds (startsecs)
2026-01-24 17:18:13,165 INFO exited: nginx (exit status 1; not expected)
2026-01-24 17:18:14,169 INFO spawned: 'nginx' with pid 107
2026-01-24 17:18:15,192 INFO success: nginx entered RUNNING state, process has stayed up for > than 1 seconds (startsecs)
2026-01-24 17:18:16,694 INFO exited: nginx (exit status 1; not expected)
2026-01-24 17:18:17,701 INFO spawned: 'nginx' with pid 108
2026-01-24 17:18:18,759 INFO success: nginx entered RUNNING state, process has stayed up for > than 1 seconds (startsecs)
2026-01-24 17:18:20,264 INFO exited: nginx (exit status 1; not expected)
2026-01-24 17:18:21,270 INFO spawned: 'nginx' with pid 109
2026-01-24 17:18:22,339 INFO success: nginx entered RUNNING state, process has stayed up for > than 1 seconds (startsecs)
2026-01-24 17:18:23,842 INFO exited: nginx (exit status 1; not expected)
2026-01-24 17:18:24,845 INFO spawned: 'nginx' with pid 110
2026-01-24 17:18:25,868 INFO success: nginx entered RUNNING state, process has stayed up for > than 1 seconds (startsecs)
2026-01-24 17:18:27,372 INFO exited: nginx (exit status 1; not expected)
2026-01-24 17:18:28,378 INFO spawned: 'nginx' with pid 111
2026-01-24 17:18:29,438 INFO success: nginx entered RUNNING state, process has stayed up for > than 1 seconds (startsecs)
2026-01-24 17:18:30,941 INFO exited: nginx (exit status 1; not expected)
2026-01-24 17:18:31,945 INFO spawned: 'nginx' with pid 112
2026-01-24 17:18:32,970 INFO success: nginx entered RUNNING state, process has stayed up for > than 1 seconds (startsecs)
2026-01-24 17:18:34,476 INFO exited: nginx (exit status 1; not expected)
2026-01-24 17:18:35,481 INFO spawned: 'nginx' with pid 113
2026-01-24 17:18:36,506 INFO success: nginx entered RUNNING state, process has stayed up for > than 1 seconds (startsecs)
2026-01-24 17:18:38,009 INFO exited: nginx (exit status 1; not expected)
2026-01-24 17:18:39,014 INFO spawned: 'nginx' with pid 114
2026-01-24 17:18:40,072 INFO success: nginx entered RUNNING state, process has stayed up for > than 1 seconds (startsecs)
2026-01-24 17:18:41,577 INFO exited: nginx (exit status 1; not expected)
2026-01-24 17:18:42,582 INFO spawned: 'nginx' with pid 115
2026-01-24 17:18:43,641 INFO success: nginx entered RUNNING state, process has stayed up for > than 1 seconds (startsecs)
2026-01-24 17:18:45,147 INFO exited: nginx (exit status 1; not expected)
2026-01-24 17:18:46,157 INFO spawned: 'nginx' with pid 116
2026-01-24 17:18:47,181 INFO success: nginx entered RUNNING state, process has stayed up for > than 1 seconds (startsecs)
2026-01-24 17:18:48,684 INFO exited: nginx (exit status 1; not expected)
2026-01-24 17:18:49,688 INFO spawned: 'nginx' with pid 117
2026-01-24 17:18:50,712 INFO success: nginx entered RUNNING state, process has stayed up for > than 1 seconds (startsecs)
2026-01-24 17:18:52,217 INFO exited: nginx (exit status 1; not expected)
2026-01-24 17:18:53,223 INFO spawned: 'nginx' with pid 123
2026-01-24 17:18:54,285 INFO success: nginx entered RUNNING state, process has stayed up for > than 1 seconds (startsecs)
2026-01-24 17:18:55,794 INFO exited: nginx (exit status 1; not expected)
2026-01-24 17:18:56,801 INFO spawned: 'nginx' with pid 124
2026-01-24 17:18:57,862 INFO success: nginx entered RUNNING state, process has stayed up for > than 1 seconds (startsecs)
2026-01-24 17:18:59,367 INFO exited: nginx (exit status 1; not expected)
2026-01-24 17:19:00,373 INFO spawned: 'nginx' with pid 125
2026-01-24 17:19:01,441 INFO success: nginx entered RUNNING state, process has stayed up for > than 1 seconds (startsecs)
2026-01-24 17:19:02,947 INFO exited: nginx (exit status 1; not expected)
2026-01-24 17:19:03,953 INFO spawned: 'nginx' with pid 126
2026-01-24 17:19:05,011 INFO success: nginx entered RUNNING state, process has stayed up for > than 1 seconds (startsecs)
2026-01-24 17:19:06,517 INFO exited: nginx (exit status 1; not expected)
2026-01-24 17:19:07,521 INFO spawned: 'nginx' with pid 148
2026-01-24 17:19:08,545 INFO success: nginx entered RUNNING state, process has stayed up for > than 1 seconds (startsecs)
2026-01-24 17:19:10,050 INFO exited: nginx (exit status 1; not expected)
2026-01-24 17:19:11,055 INFO spawned: 'nginx' with pid 149
2026-01-24 17:19:12,077 INFO success: nginx entered RUNNING state, process has stayed up for > than 1 seconds (startsecs)
2026-01-24 17:19:13,580 INFO exited: nginx (exit status 1; not expected)
2026-01-24 17:19:14,583 INFO spawned: 'nginx' with pid 150
2026-01-24 17:19:15,607 INFO success: nginx entered RUNNING state, process has stayed up for > than 1 seconds (startsecs)
2026-01-24 17:19:17,111 INFO exited: nginx (exit status 1; not expected)
2026-01-24 17:19:18,118 INFO spawned: 'nginx' with pid 151
2026-01-24 17:19:19,141 INFO success: nginx entered RUNNING state, process has stayed up for > than 1 seconds (startsecs)
2026-01-24 17:19:20,646 INFO exited: nginx (exit status 1; not expected)
2026-01-24 17:19:21,654 INFO spawned: 'nginx' with pid 153
2026-01-24 17:19:22,717 INFO success: nginx entered RUNNING state, process has stayed up for > than 1 seconds (startsecs)
2026-01-24 17:19:24,223 INFO exited: nginx (exit status 1; not expected)
2026-01-24 17:19:25,230 INFO spawned: 'nginx' with pid 154
2026-01-24 17:19:26,253 INFO success: nginx entered RUNNING state, process has stayed up for > than 1 seconds (startsecs)
2026-01-24 17:19:27,756 INFO exited: nginx (exit status 1; not expected)
2026-01-24 17:19:28,759 INFO spawned: 'nginx' with pid 155
2026-01-24 17:19:29,783 INFO success: nginx entered RUNNING state, process has stayed up for > than 1 seconds (startsecs)
2026-01-24 17:19:31,289 INFO exited: nginx (exit status 1; not expected)
2026-01-24 17:19:32,295 INFO spawned: 'nginx' with pid 158
2026-01-24 17:19:33,356 INFO success: nginx entered RUNNING state, process has stayed up for > than 1 seconds (startsecs)
2026-01-24 17:19:34,862 INFO exited: nginx (exit status 1; not expected)
2026-01-24 17:19:35,869 INFO spawned: 'nginx' with pid 159
2026-01-24 17:19:36,926 INFO success: nginx entered RUNNING state, process has stayed up for > than 1 seconds (startsecs)
2026-01-24 17:19:38,429 INFO exited: nginx (exit status 1; not expected)
2026-01-24 17:19:39,433 INFO spawned: 'nginx' with pid 160
2026-01-24 17:19:40,458 INFO success: nginx entered RUNNING state, process has stayed up for > than 1 seconds (startsecs)
2026-01-24 17:19:41,960 INFO exited: nginx (exit status 1; not expected)
2026-01-24 17:19:42,965 INFO spawned: 'nginx' with pid 162
2026-01-24 17:19:43,990 INFO success: nginx entered RUNNING state, process has stayed up for > than 1 seconds (startsecs)
2026-01-24 17:19:45,494 INFO exited: nginx (exit status 1; not expected)
2026-01-24 17:19:46,499 INFO spawned: 'nginx' with pid 163
2026-01-24 17:19:47,524 INFO success: nginx entered RUNNING state, process has stayed up for > than 1 seconds (startsecs)
2026-01-24 17:19:49,027 INFO exited: nginx (exit status 1; not expected)
2026-01-24 17:19:50,030 INFO spawned: 'nginx' with pid 164
2026-01-24 17:19:51,053 INFO success: nginx entered RUNNING state, process has stayed up for > than 1 seconds (startsecs)
2026-01-24 17:19:52,557 INFO exited: nginx (exit status 1; not expected)
2026-01-24 17:19:53,564 INFO spawned: 'nginx' with pid 166
2026-01-24 17:19:54,588 INFO success: nginx entered RUNNING state, process has stayed up for > than 1 seconds (startsecs)
2026-01-24 17:19:56,091 INFO exited: nginx (exit status 1; not expected)
2026-01-24 17:19:57,095 INFO spawned: 'nginx' with pid 167
2026-01-24 17:19:58,118 INFO success: nginx entered RUNNING state, process has stayed up for > than 1 seconds (startsecs)
2026-01-24 17:19:59,623 INFO exited: nginx (exit status 1; not expected)
2026-01-24 17:20:00,629 INFO spawned: 'nginx' with pid 168
2026-01-24 17:20:01,688 INFO success: nginx entered RUNNING state, process has stayed up for > than 1 seconds (startsecs)
2026-01-24 17:20:03,193 INFO exited: nginx (exit status 1; not expected)
2026-01-24 17:20:04,200 INFO spawned: 'nginx' with pid 169
2026-01-24 17:20:05,259 INFO success: nginx entered RUNNING state, process has stayed up for > than 1 seconds (startsecs)
2026-01-24 17:20:05,765 INFO reaped unknown pid 99 (exit status 0)
2026-01-24 17:20:05,765 INFO exited: nginx (exit status 0; expected)
2026-01-24 17:20:06,770 INFO spawned: 'nginx' with pid 186
2026-01-24 17:20:07,805 INFO success: nginx entered RUNNING state, process has stayed up for > than 1 seconds (startsecs)
2026-01-24 17:20:09,311 INFO exited: nginx (exit status 1; not expected)
2026-01-24 17:20:10,317 INFO spawned: 'nginx' with pid 194
2026-01-24 17:20:11,377 INFO success: nginx entered RUNNING state, process has stayed up for > than 1 seconds (startsecs)
2026-01-24 17:20:12,880 INFO exited: nginx (exit status 1; not expected)
2026-01-24 17:20:13,883 INFO spawned: 'nginx' with pid 195
2026-01-24 17:20:14,907 INFO success: nginx entered RUNNING state, process has stayed up for > than 1 seconds (startsecs)
2026-01-24 17:20:16,409 INFO exited: nginx (exit status 1; not expected)
2026-01-24 17:20:17,412 INFO spawned: 'nginx' with pid 196
2026-01-24 17:20:18,436 INFO success: nginx entered RUNNING state, process has stayed up for > than 1 seconds (startsecs)
2026-01-24 17:20:19,938 INFO exited: nginx (exit status 1; not expected)
2026-01-24 17:20:20,944 INFO spawned: 'nginx' with pid 197
2026-01-24 17:20:22,004 INFO success: nginx entered RUNNING state, process has stayed up for > than 1 seconds (startsecs)
2026-01-24 17:20:23,510 INFO exited: nginx (exit status 1; not expected)
2026-01-24 17:20:24,520 INFO spawned: 'nginx' with pid 198
2026-01-24 17:20:25,588 INFO success: nginx entered RUNNING state, process has stayed up for > than 1 seconds (startsecs)
2026-01-24 17:20:27,091 INFO exited: nginx (exit status 1; not expected)
2026-01-24 17:20:28,094 INFO spawned: 'nginx' with pid 199
2026-01-24 17:20:29,117 INFO success: nginx entered RUNNING state, process has stayed up for > than 1 seconds (startsecs)
2026-01-24 17:20:31,627 INFO exited: nginx (exit status 1; not expected)
2026-01-24 17:20:32,643 INFO spawned: 'nginx' with pid 200
2026-01-24 17:20:33,725 INFO success: nginx entered RUNNING state, process has stayed up for > than 1 seconds (startsecs)
2026-01-24 17:20:35,231 INFO exited: nginx (exit status 1; not expected)
2026-01-24 17:20:36,238 INFO spawned: 'nginx' with pid 201
2026-01-24 17:20:37,296 INFO success: nginx entered RUNNING state, process has stayed up for > than 1 seconds (startsecs)
2026-01-24 17:20:38,799 INFO exited: nginx (exit status 1; not expected)
2026-01-24 17:20:39,805 INFO spawned: 'nginx' with pid 202
2026-01-24 17:20:40,854 INFO success: nginx entered RUNNING state, process has stayed up for > than 1 seconds (startsecs)
2026-01-24 17:20:42,357 INFO exited: nginx (exit status 1; not expected)
2026-01-24 17:20:43,360 INFO spawned: 'nginx' with pid 203
2026-01-24 17:20:44,383 INFO success: nginx entered RUNNING state, process has stayed up for > than 1 seconds (startsecs)
2026-01-24 17:20:45,886 INFO exited: nginx (exit status 1; not expected)
2026-01-24 17:20:46,889 INFO spawned: 'nginx' with pid 204
2026-01-24 17:20:47,912 INFO success: nginx entered RUNNING state, process has stayed up for > than 1 seconds (startsecs)
2026-01-24 17:20:49,415 INFO exited: nginx (exit status 1; not expected)
2026-01-24 17:20:50,421 INFO spawned: 'nginx' with pid 205
2026-01-24 17:20:51,481 INFO success: nginx entered RUNNING state, process has stayed up for > than 1 seconds (startsecs)
2026-01-24 17:20:52,987 INFO exited: nginx (exit status 1; not expected)
2026-01-24 17:20:53,990 INFO spawned: 'nginx' with pid 206
2026-01-24 17:20:55,015 INFO success: nginx entered RUNNING state, process has stayed up for > than 1 seconds (startsecs)
2026-01-24 17:20:56,518 INFO exited: nginx (exit status 1; not expected)
2026-01-24 17:20:57,521 INFO spawned: 'nginx' with pid 207
2026-01-24 17:20:58,544 INFO success: nginx entered RUNNING state, process has stayed up for > than 1 seconds (startsecs)
2026-01-24 17:21:00,050 INFO exited: nginx (exit status 1; not expected)
2026-01-24 17:21:01,056 INFO spawned: 'nginx' with pid 208
2026-01-24 17:21:02,122 INFO success: nginx entered RUNNING state, process has stayed up for > than 1 seconds (startsecs)
2026-01-24 17:21:03,628 INFO exited: nginx (exit status 1; not expected)
2026-01-24 17:21:04,634 INFO spawned: 'nginx' with pid 209
2026-01-24 17:21:05,692 INFO success: nginx entered RUNNING state, process has stayed up for > than 1 seconds (startsecs)
2026-01-24 17:21:07,196 INFO exited: nginx (exit status 1; not expected)
2026-01-24 17:21:08,199 INFO spawned: 'nginx' with pid 210
2026-01-24 17:21:09,222 INFO success: nginx entered RUNNING state, process has stayed up for > than 1 seconds (startsecs)
2026-01-24 17:21:10,725 INFO exited: nginx (exit status 1; not expected)
2026-01-24 17:21:11,728 INFO spawned: 'nginx' with pid 211
2026-01-24 17:21:12,751 INFO success: nginx entered RUNNING state, process has stayed up for > than 1 seconds (startsecs)
2026-01-24 17:21:14,253 INFO exited: nginx (exit status 1; not expected)
2026-01-24 17:21:15,258 INFO spawned: 'nginx' with pid 212
2026-01-24 17:21:16,280 INFO success: nginx entered RUNNING state, process has stayed up for > than 1 seconds (startsecs)
2026-01-24 17:21:17,783 INFO exited: nginx (exit status 1; not expected)
2026-01-24 17:21:18,786 INFO spawned: 'nginx' with pid 213
2026-01-24 17:21:19,809 INFO success: nginx entered RUNNING state, process has stayed up for > than 1 seconds (startsecs)
2026-01-24 17:21:21,311 INFO exited: nginx (exit status 1; not expected)
2026-01-24 17:21:22,315 INFO spawned: 'nginx' with pid 214
2026-01-24 17:21:23,338 INFO success: nginx entered RUNNING state, process has stayed up for > than 1 seconds (startsecs)
2026-01-24 17:21:24,843 INFO exited: nginx (exit status 1; not expected)
2026-01-24 17:21:25,847 INFO spawned: 'nginx' with pid 215
2026-01-24 17:21:26,870 INFO success: nginx entered RUNNING state, process has stayed up for > than 1 seconds (startsecs)
2026-01-24 17:21:28,375 INFO exited: nginx (exit status 1; not expected)
2026-01-24 17:21:29,379 INFO spawned: 'nginx' with pid 216
2026-01-24 17:21:30,402 INFO success: nginx entered RUNNING state, process has stayed up for > than 1 seconds (startsecs)
2026-01-24 17:21:31,911 INFO exited: nginx (exit status 1; not expected)
2026-01-24 17:21:32,917 INFO spawned: 'nginx' with pid 217
2026-01-24 17:21:33,975 INFO success: nginx entered RUNNING state, process has stayed up for > than 1 seconds (startsecs)
2026-01-24 17:21:35,481 INFO exited: nginx (exit status 1; not expected)
2026-01-24 17:21:36,487 INFO spawned: 'nginx' with pid 218
2026-01-24 17:21:37,547 INFO success: nginx entered RUNNING state, process has stayed up for > than 1 seconds (startsecs)
2026-01-24 17:21:39,050 INFO exited: nginx (exit status 1; not expected)
2026-01-24 17:21:40,053 INFO spawned: 'nginx' with pid 219
2026-01-24 17:21:41,076 INFO success: nginx entered RUNNING state, process has stayed up for > than 1 seconds (startsecs)
2026-01-24 17:21:42,579 INFO exited: nginx (exit status 1; not expected)
2026-01-24 17:21:43,582 INFO spawned: 'nginx' with pid 220
2026-01-24 17:21:44,604 INFO success: nginx entered RUNNING state, process has stayed up for > than 1 seconds (startsecs)
2026-01-24 17:21:46,107 INFO exited: nginx (exit status 1; not expected)
2026-01-24 17:21:47,111 INFO spawned: 'nginx' with pid 221
2026-01-24 17:21:48,134 INFO success: nginx entered RUNNING state, process has stayed up for > than 1 seconds (startsecs)
2026-01-24 17:21:49,639 INFO exited: nginx (exit status 1; not expected)
2026-01-24 17:21:50,643 INFO spawned: 'nginx' with pid 222
2026-01-24 17:21:51,666 INFO success: nginx entered RUNNING state, process has stayed up for > than 1 seconds (startsecs)
2026-01-24 17:21:53,172 INFO exited: nginx (exit status 1; not expected)
2026-01-24 17:21:54,178 INFO spawned: 'nginx' with pid 223
2026-01-24 17:21:55,237 INFO success: nginx entered RUNNING state, process has stayed up for > than 1 seconds (startsecs)
2026-01-24 17:21:56,740 INFO exited: nginx (exit status 1; not expected)
2026-01-24 17:21:57,743 INFO spawned: 'nginx' with pid 224
2026-01-24 17:21:58,772 INFO success: nginx entered RUNNING state, process has stayed up for > than 1 seconds (startsecs)
2026-01-24 17:22:00,275 INFO exited: nginx (exit status 1; not expected)
2026-01-24 17:22:01,281 INFO spawned: 'nginx' with pid 225
2026-01-24 17:22:02,346 INFO success: nginx entered RUNNING state, process has stayed up for > than 1 seconds (startsecs)
2026-01-24 17:22:03,855 INFO exited: nginx (exit status 1; not expected)
2026-01-24 17:22:04,862 INFO spawned: 'nginx' with pid 226
2026-01-24 17:22:05,923 INFO success: nginx entered RUNNING state, process has stayed up for > than 1 seconds (startsecs)
2026-01-24 17:22:07,428 INFO exited: nginx (exit status 1; not expected)
2026-01-24 17:22:08,435 INFO spawned: 'nginx' with pid 227
2026-01-24 17:22:09,500 INFO success: nginx entered RUNNING state, process has stayed up for > than 1 seconds (startsecs)
2026-01-24 17:22:11,002 INFO exited: nginx (exit status 1; not expected)
2026-01-24 17:22:12,008 INFO spawned: 'nginx' with pid 228
2026-01-24 17:22:13,068 INFO success: nginx entered RUNNING state, process has stayed up for > than 1 seconds (startsecs)
2026-01-24 17:22:14,571 INFO exited: nginx (exit status 1; not expected)
2026-01-24 17:22:15,575 INFO spawned: 'nginx' with pid 229
2026-01-24 17:22:16,597 INFO success: nginx entered RUNNING state, process has stayed up for > than 1 seconds (startsecs)
2026-01-24 17:22:18,100 INFO exited: nginx (exit status 1; not expected)
2026-01-24 17:22:19,104 INFO spawned: 'nginx' with pid 230
2026-01-24 17:22:20,126 INFO success: nginx entered RUNNING state, process has stayed up for > than 1 seconds (startsecs)
2026-01-24 17:22:21,629 INFO exited: nginx (exit status 1; not expected)
2026-01-24 17:22:22,635 INFO spawned: 'nginx' with pid 231
2026-01-24 17:22:23,694 INFO success: nginx entered RUNNING state, process has stayed up for > than 1 seconds (startsecs)
2026-01-24 17:22:25,199 INFO exited: nginx (exit status 1; not expected)
2026-01-24 17:22:26,205 INFO spawned: 'nginx' with pid 232
2026-01-24 17:22:27,263 INFO success: nginx entered RUNNING state, process has stayed up for > than 1 seconds (startsecs)
2026-01-24 17:22:28,768 INFO exited: nginx (exit status 1; not expected)
2026-01-24 17:22:29,775 INFO spawned: 'nginx' with pid 233
2026-01-24 17:22:30,863 INFO success: nginx entered RUNNING state, process has stayed up for > than 1 seconds (startsecs)
2026-01-24 17:22:32,365 INFO exited: nginx (exit status 1; not expected)
2026-01-24 17:22:33,369 INFO spawned: 'nginx' with pid 234
2026-01-24 17:22:34,393 INFO success: nginx entered RUNNING state, process has stayed up for > than 1 seconds (startsecs)
2026-01-24 17:22:35,899 INFO exited: nginx (exit status 1; not expected)
2026-01-24 17:22:36,905 INFO spawned: 'nginx' with pid 235
2026-01-24 17:22:37,952 INFO success: nginx entered RUNNING state, process has stayed up for > than 1 seconds (startsecs)
2026-01-24 17:22:39,458 INFO exited: nginx (exit status 1; not expected)
2026-01-24 17:22:40,464 INFO spawned: 'nginx' with pid 236
2026-01-24 17:22:41,527 INFO success: nginx entered RUNNING state, process has stayed up for > than 1 seconds (startsecs)
2026-01-24 17:22:43,033 INFO exited: nginx (exit status 1; not expected)
2026-01-24 17:22:44,039 INFO spawned: 'nginx' with pid 237
2026-01-24 17:22:45,097 INFO success: nginx entered RUNNING state, process has stayed up for > than 1 seconds (startsecs)
2026-01-24 17:22:46,602 INFO exited: nginx (exit status 1; not expected)
2026-01-24 17:22:47,608 INFO spawned: 'nginx' with pid 238
2026-01-24 17:22:48,666 INFO success: nginx entered RUNNING state, process has stayed up for > than 1 seconds (startsecs)
2026-01-24 17:22:50,168 INFO exited: nginx (exit status 1; not expected)
2026-01-24 17:22:51,174 INFO spawned: 'nginx' with pid 239
2026-01-24 17:22:52,232 INFO success: nginx entered RUNNING state, process has stayed up for > than 1 seconds (startsecs)
2026-01-24 17:22:53,735 INFO exited: nginx (exit status 1; not expected)
2026-01-24 17:22:54,739 INFO spawned: 'nginx' with pid 240
2026-01-24 17:22:55,762 INFO success: nginx entered RUNNING state, process has stayed up for > than 1 seconds (startsecs)
2026-01-24 17:22:57,264 INFO exited: nginx (exit status 1; not expected)
2026-01-24 17:22:58,268 INFO spawned: 'nginx' with pid 241
2026-01-24 17:22:59,292 INFO success: nginx entered RUNNING state, process has stayed up for > than 1 seconds (startsecs)
2026-01-24 17:23:00,293 WARN received SIGTERM indicating exit request
2026-01-24 17:23:00,293 INFO waiting for nginx to die
2026-01-24 17:23:00,796 INFO stopped: nginx (terminated by SIGTERM)
2026-01-24 17:23:02,159 INFO Set uid to user 0 succeeded
2026-01-24 17:23:02,161 INFO supervisord started with pid 1
2026-01-24 17:23:03,165 INFO spawned: 'nginx' with pid 10
2026-01-24 17:23:03,166 INFO spawnerr: can't find command '/usr/sbin/cron'
2026-01-24 17:23:03,222 INFO exited: nginx (exit status 0; not expected)
2026-01-24 17:23:04,226 INFO spawned: 'nginx' with pid 14
2026-01-24 17:23:04,227 INFO spawnerr: can't find command '/usr/sbin/cron'
2026-01-24 17:23:05,253 INFO success: nginx entered RUNNING state, process has stayed up for > than 1 seconds (startsecs)
2026-01-24 17:23:06,254 INFO spawnerr: can't find command '/usr/sbin/cron'
2026-01-24 17:23:06,755 INFO exited: nginx (exit status 1; not expected)
2026-01-24 17:23:07,761 INFO spawned: 'nginx' with pid 15
2026-01-24 17:23:08,819 INFO success: nginx entered RUNNING state, process has stayed up for > than 1 seconds (startsecs)
2026-01-24 17:23:09,320 INFO spawnerr: can't find command '/usr/sbin/cron'
2026-01-24 17:23:09,320 INFO gave up: cron entered FATAL state, too many start retries too quickly
2026-01-24 17:23:10,324 INFO exited: nginx (exit status 1; not expected)
2026-01-24 17:23:11,328 INFO spawned: 'nginx' with pid 16
2026-01-24 17:23:12,352 INFO success: nginx entered RUNNING state, process has stayed up for > than 1 seconds (startsecs)
2026-01-24 17:23:13,855 INFO exited: nginx (exit status 1; not expected)
2026-01-24 17:23:14,861 INFO spawned: 'nginx' with pid 17
2026-01-24 17:23:15,921 INFO success: nginx entered RUNNING state, process has stayed up for > than 1 seconds (startsecs)
2026-01-24 17:23:17,427 INFO exited: nginx (exit status 1; not expected)
2026-01-24 17:23:18,431 INFO spawned: 'nginx' with pid 18
2026-01-24 17:23:19,455 INFO success: nginx entered RUNNING state, process has stayed up for > than 1 seconds (startsecs)
2026-01-24 17:23:20,958 INFO exited: nginx (exit status 1; not expected)
2026-01-24 17:23:21,961 INFO spawned: 'nginx' with pid 19
2026-01-24 17:23:22,984 INFO success: nginx entered RUNNING state, process has stayed up for > than 1 seconds (startsecs)
2026-01-24 17:23:24,489 INFO exited: nginx (exit status 1; not expected)
2026-01-24 17:23:25,493 INFO spawned: 'nginx' with pid 20
2026-01-24 17:23:26,515 INFO success: nginx entered RUNNING state, process has stayed up for > than 1 seconds (startsecs)
2026-01-24 17:23:28,018 INFO exited: nginx (exit status 1; not expected)
2026-01-24 17:23:29,024 INFO spawned: 'nginx' with pid 21
2026-01-24 17:23:30,083 INFO success: nginx entered RUNNING state, process has stayed up for > than 1 seconds (startsecs)
2026-01-24 17:23:31,588 INFO exited: nginx (exit status 1; not expected)
2026-01-24 17:23:32,591 INFO spawned: 'nginx' with pid 22
2026-01-24 17:23:33,615 INFO success: nginx entered RUNNING state, process has stayed up for > than 1 seconds (startsecs)
2026-01-24 17:23:35,120 INFO exited: nginx (exit status 1; not expected)
2026-01-24 17:23:36,126 INFO spawned: 'nginx' with pid 23
2026-01-24 17:23:37,185 INFO success: nginx entered RUNNING state, process has stayed up for > than 1 seconds (startsecs)
2026-01-24 17:23:38,691 INFO exited: nginx (exit status 1; not expected)
2026-01-24 17:23:39,697 INFO spawned: 'nginx' with pid 24
2026-01-24 17:23:40,755 INFO success: nginx entered RUNNING state, process has stayed up for > than 1 seconds (startsecs)
2026-01-24 17:23:42,258 INFO exited: nginx (exit status 1; not expected)
2026-01-24 17:23:43,262 INFO spawned: 'nginx' with pid 25
2026-01-24 17:23:44,285 INFO success: nginx entered RUNNING state, process has stayed up for > than 1 seconds (startsecs)
2026-01-24 17:23:45,791 INFO exited: nginx (exit status 1; not expected)
2026-01-24 17:23:46,797 INFO spawned: 'nginx' with pid 26
2026-01-24 17:23:47,856 INFO success: nginx entered RUNNING state, process has stayed up for > than 1 seconds (startsecs)
2026-01-24 17:23:49,362 INFO exited: nginx (exit status 1; not expected)
2026-01-24 17:23:50,366 INFO spawned: 'nginx' with pid 27
2026-01-24 17:23:51,392 INFO success: nginx entered RUNNING state, process has stayed up for > than 1 seconds (startsecs)
2026-01-24 17:23:52,893 WARN received SIGTERM indicating exit request
2026-01-24 17:23:52,893 INFO waiting for nginx to die
2026-01-24 17:23:52,895 INFO exited: nginx (exit status 1; not expected)
2026-01-24 17:23:54,048 INFO Set uid to user 0 succeeded
2026-01-24 17:23:54,051 INFO supervisord started with pid 1
2026-01-24 17:23:55,057 INFO spawned: 'nginx' with pid 89
2026-01-24 17:23:55,059 INFO spawnerr: can't find command '/usr/sbin/cron'
2026-01-24 17:23:55,194 INFO exited: nginx (exit status 0; not expected)
2026-01-24 17:23:56,200 INFO spawned: 'nginx' with pid 93
2026-01-24 17:23:56,202 INFO spawnerr: can't find command '/usr/sbin/cron'
2026-01-24 17:23:57,224 INFO success: nginx entered RUNNING state, process has stayed up for > than 1 seconds (startsecs)
2026-01-24 17:23:58,226 INFO spawnerr: can't find command '/usr/sbin/cron'
2026-01-24 17:23:58,727 INFO exited: nginx (exit status 1; not expected)
2026-01-24 17:23:59,731 INFO spawned: 'nginx' with pid 94
2026-01-24 17:24:00,755 INFO success: nginx entered RUNNING state, process has stayed up for > than 1 seconds (startsecs)
2026-01-24 17:24:01,255 INFO spawnerr: can't find command '/usr/sbin/cron'
2026-01-24 17:24:01,255 INFO gave up: cron entered FATAL state, too many start retries too quickly
2026-01-24 17:24:02,257 INFO exited: nginx (exit status 1; not expected)
2026-01-24 17:24:03,260 INFO spawned: 'nginx' with pid 95
2026-01-24 17:24:04,287 INFO success: nginx entered RUNNING state, process has stayed up for > than 1 seconds (startsecs)
2026-01-24 17:24:05,793 INFO exited: nginx (exit status 1; not expected)
2026-01-24 17:24:06,796 INFO spawned: 'nginx' with pid 96
2026-01-24 17:24:07,821 INFO success: nginx entered RUNNING state, process has stayed up for > than 1 seconds (startsecs)
2026-01-24 17:24:09,326 INFO exited: nginx (exit status 1; not expected)
2026-01-24 17:24:10,333 INFO spawned: 'nginx' with pid 97
2026-01-24 17:24:11,393 INFO success: nginx entered RUNNING state, process has stayed up for > than 1 seconds (startsecs)
2026-01-24 17:24:12,896 INFO exited: nginx (exit status 1; not expected)
2026-01-24 17:24:13,899 INFO spawned: 'nginx' with pid 98
2026-01-24 17:24:14,936 INFO success: nginx entered RUNNING state, process has stayed up for > than 1 seconds (startsecs)
2026-01-24 17:24:16,438 INFO exited: nginx (exit status 1; not expected)
2026-01-24 17:24:17,446 INFO spawned: 'nginx' with pid 99
2026-01-24 17:24:18,506 INFO success: nginx entered RUNNING state, process has stayed up for > than 1 seconds (startsecs)
2026-01-24 17:24:20,012 INFO exited: nginx (exit status 1; not expected)
2026-01-24 17:24:21,016 INFO spawned: 'nginx' with pid 100
2026-01-24 17:24:22,040 INFO success: nginx entered RUNNING state, process has stayed up for > than 1 seconds (startsecs)
2026-01-24 17:24:23,546 INFO exited: nginx (exit status 1; not expected)
2026-01-24 17:24:24,550 INFO spawned: 'nginx' with pid 101
2026-01-24 17:24:25,575 INFO success: nginx entered RUNNING state, process has stayed up for > than 1 seconds (startsecs)
2026-01-24 17:24:27,078 INFO exited: nginx (exit status 1; not expected)
2026-01-24 17:24:28,083 INFO spawned: 'nginx' with pid 102
2026-01-24 17:24:29,105 INFO success: nginx entered RUNNING state, process has stayed up for > than 1 seconds (startsecs)
2026-01-24 17:24:30,608 INFO exited: nginx (exit status 1; not expected)
2026-01-24 17:24:31,611 INFO spawned: 'nginx' with pid 103
2026-01-24 17:24:32,633 INFO success: nginx entered RUNNING state, process has stayed up for > than 1 seconds (startsecs)
2026-01-24 17:24:34,136 INFO exited: nginx (exit status 1; not expected)
2026-01-24 17:24:35,139 INFO spawned: 'nginx' with pid 104
2026-01-24 17:24:36,165 INFO success: nginx entered RUNNING state, process has stayed up for > than 1 seconds (startsecs)
2026-01-24 17:24:37,670 INFO exited: nginx (exit status 1; not expected)
2026-01-24 17:24:38,676 INFO spawned: 'nginx' with pid 105
2026-01-24 17:24:39,712 INFO success: nginx entered RUNNING state, process has stayed up for > than 1 seconds (startsecs)
2026-01-24 17:24:41,216 INFO exited: nginx (exit status 1; not expected)
2026-01-24 17:24:42,222 INFO spawned: 'nginx' with pid 106
2026-01-24 17:24:43,266 INFO success: nginx entered RUNNING state, process has stayed up for > than 1 seconds (startsecs)
2026-01-24 17:24:44,771 INFO exited: nginx (exit status 1; not expected)
2026-01-24 17:24:45,777 INFO spawned: 'nginx' with pid 107
2026-01-24 17:24:46,834 INFO success: nginx entered RUNNING state, process has stayed up for > than 1 seconds (startsecs)
2026-01-24 17:24:48,340 INFO exited: nginx (exit status 1; not expected)
2026-01-24 17:24:49,346 INFO spawned: 'nginx' with pid 108
2026-01-24 17:24:50,404 INFO success: nginx entered RUNNING state, process has stayed up for > than 1 seconds (startsecs)
2026-01-24 17:24:51,907 INFO exited: nginx (exit status 1; not expected)
2026-01-24 17:24:52,910 INFO spawned: 'nginx' with pid 109
2026-01-24 17:24:53,935 INFO success: nginx entered RUNNING state, process has stayed up for > than 1 seconds (startsecs)
2026-01-24 17:24:55,441 INFO exited: nginx (exit status 1; not expected)
2026-01-24 17:24:56,449 INFO spawned: 'nginx' with pid 110
2026-01-24 17:24:57,520 INFO success: nginx entered RUNNING state, process has stayed up for > than 1 seconds (startsecs)
2026-01-24 17:24:59,026 INFO exited: nginx (exit status 1; not expected)
2026-01-24 17:25:00,031 INFO spawned: 'nginx' with pid 111
2026-01-24 17:25:01,055 INFO success: nginx entered RUNNING state, process has stayed up for > than 1 seconds (startsecs)
2026-01-24 17:25:02,558 INFO exited: nginx (exit status 1; not expected)
2026-01-24 17:25:03,562 INFO spawned: 'nginx' with pid 112
2026-01-24 17:25:04,586 INFO success: nginx entered RUNNING state, process has stayed up for > than 1 seconds (startsecs)
2026-01-24 17:25:06,089 INFO exited: nginx (exit status 1; not expected)
2026-01-24 17:25:07,093 INFO spawned: 'nginx' with pid 113
2026-01-24 17:25:08,117 INFO success: nginx entered RUNNING state, process has stayed up for > than 1 seconds (startsecs)
2026-01-24 17:25:09,621 INFO exited: nginx (exit status 1; not expected)
2026-01-24 17:25:10,625 INFO spawned: 'nginx' with pid 114
2026-01-24 17:25:11,648 INFO success: nginx entered RUNNING state, process has stayed up for > than 1 seconds (startsecs)
2026-01-24 17:25:13,153 INFO exited: nginx (exit status 1; not expected)
2026-01-24 17:25:14,159 INFO spawned: 'nginx' with pid 115
2026-01-24 17:25:15,218 INFO success: nginx entered RUNNING state, process has stayed up for > than 1 seconds (startsecs)
2026-01-24 17:25:16,724 INFO exited: nginx (exit status 1; not expected)
2026-01-24 17:25:17,728 INFO spawned: 'nginx' with pid 116
2026-01-24 17:25:18,754 INFO success: nginx entered RUNNING state, process has stayed up for > than 1 seconds (startsecs)
2026-01-24 17:25:20,256 INFO exited: nginx (exit status 1; not expected)
2026-01-24 17:25:21,260 INFO spawned: 'nginx' with pid 117
2026-01-24 17:25:22,284 INFO success: nginx entered RUNNING state, process has stayed up for > than 1 seconds (startsecs)
2026-01-24 17:25:23,790 INFO exited: nginx (exit status 1; not expected)
2026-01-24 17:25:24,795 INFO spawned: 'nginx' with pid 118
2026-01-24 17:25:25,853 INFO success: nginx entered RUNNING state, process has stayed up for > than 1 seconds (startsecs)
2026-01-24 17:25:27,358 INFO exited: nginx (exit status 1; not expected)
2026-01-24 17:25:28,364 INFO spawned: 'nginx' with pid 119
2026-01-24 17:25:29,423 INFO success: nginx entered RUNNING state, process has stayed up for > than 1 seconds (startsecs)
2026-01-24 17:25:30,925 INFO exited: nginx (exit status 1; not expected)
2026-01-24 17:25:31,929 INFO spawned: 'nginx' with pid 120
2026-01-24 17:25:32,952 INFO success: nginx entered RUNNING state, process has stayed up for > than 1 seconds (startsecs)
2026-01-24 17:25:34,457 INFO exited: nginx (exit status 1; not expected)
2026-01-24 17:25:35,463 INFO spawned: 'nginx' with pid 121
2026-01-24 17:25:36,530 INFO success: nginx entered RUNNING state, process has stayed up for > than 1 seconds (startsecs)
2026-01-24 17:25:38,035 INFO exited: nginx (exit status 1; not expected)
2026-01-24 17:25:39,042 INFO spawned: 'nginx' with pid 122
2026-01-24 17:25:40,100 INFO success: nginx entered RUNNING state, process has stayed up for > than 1 seconds (startsecs)
2026-01-24 17:25:41,603 INFO exited: nginx (exit status 1; not expected)
2026-01-24 17:25:42,606 INFO spawned: 'nginx' with pid 123
2026-01-24 17:25:43,631 INFO success: nginx entered RUNNING state, process has stayed up for > than 1 seconds (startsecs)
2026-01-24 17:25:45,136 INFO exited: nginx (exit status 1; not expected)
2026-01-24 17:25:46,144 INFO spawned: 'nginx' with pid 124
2026-01-24 17:25:47,204 INFO success: nginx entered RUNNING state, process has stayed up for > than 1 seconds (startsecs)
2026-01-24 17:25:48,709 INFO exited: nginx (exit status 1; not expected)
2026-01-24 17:25:49,719 INFO spawned: 'nginx' with pid 125
2026-01-24 17:25:50,778 INFO success: nginx entered RUNNING state, process has stayed up for > than 1 seconds (startsecs)
2026-01-24 17:25:52,284 INFO exited: nginx (exit status 1; not expected)
2026-01-24 17:25:53,290 INFO spawned: 'nginx' with pid 126
2026-01-24 17:25:54,356 INFO success: nginx entered RUNNING state, process has stayed up for > than 1 seconds (startsecs)
2026-01-24 17:25:55,858 INFO exited: nginx (exit status 1; not expected)
2026-01-24 17:25:56,863 INFO spawned: 'nginx' with pid 127
2026-01-24 17:25:57,930 INFO success: nginx entered RUNNING state, process has stayed up for > than 1 seconds (startsecs)
2026-01-24 17:25:59,435 INFO exited: nginx (exit status 1; not expected)
2026-01-24 17:26:00,438 INFO spawned: 'nginx' with pid 128
2026-01-24 17:26:01,463 INFO success: nginx entered RUNNING state, process has stayed up for > than 1 seconds (startsecs)
2026-01-24 17:26:02,966 INFO exited: nginx (exit status 1; not expected)
2026-01-24 17:26:03,970 INFO spawned: 'nginx' with pid 129
2026-01-24 17:26:04,994 INFO success: nginx entered RUNNING state, process has stayed up for > than 1 seconds (startsecs)
2026-01-24 17:26:06,497 INFO exited: nginx (exit status 1; not expected)
2026-01-24 17:26:07,503 INFO spawned: 'nginx' with pid 130
2026-01-24 17:26:08,564 INFO success: nginx entered RUNNING state, process has stayed up for > than 1 seconds (startsecs)
2026-01-24 17:26:10,067 INFO exited: nginx (exit status 1; not expected)
2026-01-24 17:26:11,071 INFO spawned: 'nginx' with pid 131
2026-01-24 17:26:12,112 INFO success: nginx entered RUNNING state, process has stayed up for > than 1 seconds (startsecs)
2026-01-24 17:26:13,617 INFO exited: nginx (exit status 1; not expected)
2026-01-24 17:26:14,621 INFO spawned: 'nginx' with pid 132
2026-01-24 17:26:15,647 INFO success: nginx entered RUNNING state, process has stayed up for > than 1 seconds (startsecs)
2026-01-24 17:26:17,150 INFO exited: nginx (exit status 1; not expected)
2026-01-24 17:26:18,154 INFO spawned: 'nginx' with pid 133
2026-01-24 17:26:19,179 INFO success: nginx entered RUNNING state, process has stayed up for > than 1 seconds (startsecs)
2026-01-24 17:26:20,682 INFO exited: nginx (exit status 1; not expected)
2026-01-24 17:26:21,685 INFO spawned: 'nginx' with pid 134
2026-01-24 17:26:22,711 INFO success: nginx entered RUNNING state, process has stayed up for > than 1 seconds (startsecs)
2026-01-24 17:26:24,216 INFO exited: nginx (exit status 1; not expected)
2026-01-24 17:26:25,221 INFO spawned: 'nginx' with pid 135
2026-01-24 17:26:26,245 INFO success: nginx entered RUNNING state, process has stayed up for > than 1 seconds (startsecs)
2026-01-24 17:26:27,750 INFO exited: nginx (exit status 1; not expected)
2026-01-24 17:26:28,755 INFO spawned: 'nginx' with pid 136
2026-01-24 17:26:29,799 INFO success: nginx entered RUNNING state, process has stayed up for > than 1 seconds (startsecs)
2026-01-24 17:26:31,302 INFO exited: nginx (exit status 1; not expected)
2026-01-24 17:26:32,305 INFO spawned: 'nginx' with pid 137
2026-01-24 17:26:33,331 INFO success: nginx entered RUNNING state, process has stayed up for > than 1 seconds (startsecs)
2026-01-24 17:26:34,836 INFO exited: nginx (exit status 1; not expected)
2026-01-24 17:26:35,843 INFO spawned: 'nginx' with pid 138
2026-01-24 17:26:36,899 INFO success: nginx entered RUNNING state, process has stayed up for > than 1 seconds (startsecs)
2026-01-24 17:26:38,402 INFO exited: nginx (exit status 1; not expected)
2026-01-24 17:26:39,405 INFO spawned: 'nginx' with pid 139
2026-01-24 17:26:40,430 INFO success: nginx entered RUNNING state, process has stayed up for > than 1 seconds (startsecs)
2026-01-24 17:26:41,933 INFO exited: nginx (exit status 1; not expected)
2026-01-24 17:26:42,937 INFO spawned: 'nginx' with pid 140
2026-01-24 17:26:43,962 INFO success: nginx entered RUNNING state, process has stayed up for > than 1 seconds (startsecs)
2026-01-24 17:26:45,469 INFO exited: nginx (exit status 1; not expected)
2026-01-24 17:26:46,476 INFO spawned: 'nginx' with pid 141
2026-01-24 17:26:47,546 INFO success: nginx entered RUNNING state, process has stayed up for > than 1 seconds (startsecs)
2026-01-24 17:26:49,048 INFO exited: nginx (exit status 1; not expected)
2026-01-24 17:26:50,051 INFO spawned: 'nginx' with pid 142
2026-01-24 17:26:51,074 INFO success: nginx entered RUNNING state, process has stayed up for > than 1 seconds (startsecs)
2026-01-24 17:26:52,579 INFO exited: nginx (exit status 1; not expected)
2026-01-24 17:26:53,583 INFO spawned: 'nginx' with pid 143
2026-01-24 17:26:54,607 INFO success: nginx entered RUNNING state, process has stayed up for > than 1 seconds (startsecs)
2026-01-24 17:26:56,110 INFO exited: nginx (exit status 1; not expected)
2026-01-24 17:26:57,113 INFO spawned: 'nginx' with pid 144
2026-01-24 17:26:58,137 INFO success: nginx entered RUNNING state, process has stayed up for > than 1 seconds (startsecs)
2026-01-24 17:26:59,643 INFO exited: nginx (exit status 1; not expected)
2026-01-24 17:27:00,650 INFO spawned: 'nginx' with pid 145
2026-01-24 17:27:01,711 INFO success: nginx entered RUNNING state, process has stayed up for > than 1 seconds (startsecs)
2026-01-24 17:27:03,217 INFO exited: nginx (exit status 1; not expected)
2026-01-24 17:27:04,224 INFO spawned: 'nginx' with pid 146
2026-01-24 17:27:05,280 INFO success: nginx entered RUNNING state, process has stayed up for > than 1 seconds (startsecs)
2026-01-24 17:27:06,783 INFO exited: nginx (exit status 1; not expected)
2026-01-24 17:27:07,786 INFO spawned: 'nginx' with pid 147
2026-01-24 17:27:08,811 INFO success: nginx entered RUNNING state, process has stayed up for > than 1 seconds (startsecs)
2026-01-24 17:27:10,317 INFO exited: nginx (exit status 1; not expected)
2026-01-24 17:27:11,323 INFO spawned: 'nginx' with pid 148
2026-01-24 17:27:12,384 INFO success: nginx entered RUNNING state, process has stayed up for > than 1 seconds (startsecs)
2026-01-24 17:27:13,889 INFO exited: nginx (exit status 1; not expected)
2026-01-24 17:27:14,895 INFO spawned: 'nginx' with pid 149
2026-01-24 17:27:15,955 INFO success: nginx entered RUNNING state, process has stayed up for > than 1 seconds (startsecs)
2026-01-24 17:27:17,461 INFO exited: nginx (exit status 1; not expected)
2026-01-24 17:27:18,468 INFO spawned: 'nginx' with pid 150
2026-01-24 17:27:19,529 INFO success: nginx entered RUNNING state, process has stayed up for > than 1 seconds (startsecs)
2026-01-24 17:27:21,031 INFO exited: nginx (exit status 1; not expected)
2026-01-24 17:27:22,035 INFO spawned: 'nginx' with pid 151
2026-01-24 17:27:23,062 INFO success: nginx entered RUNNING state, process has stayed up for > than 1 seconds (startsecs)
2026-01-24 17:27:24,568 INFO exited: nginx (exit status 1; not expected)
2026-01-24 17:27:25,573 INFO spawned: 'nginx' with pid 152
2026-01-24 17:27:26,622 INFO success: nginx entered RUNNING state, process has stayed up for > than 1 seconds (startsecs)
2026-01-24 17:27:28,125 INFO exited: nginx (exit status 1; not expected)
2026-01-24 17:27:29,129 INFO spawned: 'nginx' with pid 153
2026-01-24 17:27:30,153 INFO success: nginx entered RUNNING state, process has stayed up for > than 1 seconds (startsecs)
2026-01-24 17:27:31,656 INFO exited: nginx (exit status 1; not expected)
2026-01-24 17:27:32,660 INFO spawned: 'nginx' with pid 154
2026-01-24 17:27:33,686 INFO success: nginx entered RUNNING state, process has stayed up for > than 1 seconds (startsecs)
2026-01-24 17:27:35,191 INFO exited: nginx (exit status 1; not expected)
2026-01-24 17:27:36,197 INFO spawned: 'nginx' with pid 155
2026-01-24 17:27:37,268 INFO success: nginx entered RUNNING state, process has stayed up for > than 1 seconds (startsecs)
2026-01-24 17:27:38,775 INFO exited: nginx (exit status 1; not expected)
2026-01-24 17:27:39,779 INFO spawned: 'nginx' with pid 156
2026-01-24 17:27:40,818 INFO success: nginx entered RUNNING state, process has stayed up for > than 1 seconds (startsecs)
2026-01-24 17:27:42,321 INFO exited: nginx (exit status 1; not expected)
2026-01-24 17:27:43,325 INFO spawned: 'nginx' with pid 157
2026-01-24 17:27:44,354 INFO success: nginx entered RUNNING state, process has stayed up for > than 1 seconds (startsecs)
2026-01-24 17:27:45,857 INFO exited: nginx (exit status 1; not expected)
2026-01-24 17:27:46,863 INFO spawned: 'nginx' with pid 158
2026-01-24 17:27:47,916 INFO success: nginx entered RUNNING state, process has stayed up for > than 1 seconds (startsecs)
2026-01-24 17:27:49,420 INFO exited: nginx (exit status 1; not expected)
2026-01-24 17:27:50,424 INFO spawned: 'nginx' with pid 159
2026-01-24 17:27:51,454 INFO success: nginx entered RUNNING state, process has stayed up for > than 1 seconds (startsecs)
2026-01-24 17:27:52,956 INFO exited: nginx (exit status 1; not expected)
2026-01-24 17:27:53,960 INFO spawned: 'nginx' with pid 160
2026-01-24 17:27:54,983 INFO success: nginx entered RUNNING state, process has stayed up for > than 1 seconds (startsecs)
2026-01-24 17:27:56,486 INFO exited: nginx (exit status 1; not expected)
2026-01-24 17:27:57,489 INFO spawned: 'nginx' with pid 161
2026-01-24 17:27:58,513 INFO success: nginx entered RUNNING state, process has stayed up for > than 1 seconds (startsecs)
2026-01-24 17:28:00,016 INFO exited: nginx (exit status 1; not expected)
2026-01-24 17:28:01,019 INFO spawned: 'nginx' with pid 162
2026-01-24 17:28:02,064 INFO success: nginx entered RUNNING state, process has stayed up for > than 1 seconds (startsecs)
2026-01-24 17:28:03,567 INFO exited: nginx (exit status 1; not expected)
2026-01-24 17:28:04,570 INFO spawned: 'nginx' with pid 163
2026-01-24 17:28:05,595 INFO success: nginx entered RUNNING state, process has stayed up for > than 1 seconds (startsecs)
2026-01-24 17:28:07,101 INFO exited: nginx (exit status 1; not expected)
2026-01-24 17:28:08,107 INFO spawned: 'nginx' with pid 164
2026-01-24 17:28:09,179 INFO success: nginx entered RUNNING state, process has stayed up for > than 1 seconds (startsecs)
2026-01-24 17:28:10,685 INFO exited: nginx (exit status 1; not expected)
2026-01-24 17:28:11,690 INFO spawned: 'nginx' with pid 165
2026-01-24 17:28:12,715 INFO success: nginx entered RUNNING state, process has stayed up for > than 1 seconds (startsecs)
2026-01-24 17:28:14,218 INFO exited: nginx (exit status 1; not expected)
2026-01-24 17:28:15,223 INFO spawned: 'nginx' with pid 166
2026-01-24 17:28:16,245 INFO success: nginx entered RUNNING state, process has stayed up for > than 1 seconds (startsecs)
2026-01-24 17:28:17,750 INFO exited: nginx (exit status 1; not expected)
2026-01-24 17:28:18,757 INFO spawned: 'nginx' with pid 167
2026-01-24 17:28:19,815 INFO success: nginx entered RUNNING state, process has stayed up for > than 1 seconds (startsecs)
2026-01-24 17:28:21,320 INFO exited: nginx (exit status 1; not expected)
2026-01-24 17:28:22,326 INFO spawned: 'nginx' with pid 168
2026-01-24 17:28:23,386 INFO success: nginx entered RUNNING state, process has stayed up for > than 1 seconds (startsecs)
2026-01-24 17:28:24,890 INFO exited: nginx (exit status 1; not expected)
2026-01-24 17:28:25,893 INFO spawned: 'nginx' with pid 169
2026-01-24 17:28:26,917 INFO success: nginx entered RUNNING state, process has stayed up for > than 1 seconds (startsecs)
2026-01-24 17:28:28,420 INFO exited: nginx (exit status 1; not expected)
2026-01-24 17:28:29,424 INFO spawned: 'nginx' with pid 170
2026-01-24 17:28:30,446 INFO success: nginx entered RUNNING state, process has stayed up for > than 1 seconds (startsecs)
2026-01-24 17:28:31,949 INFO exited: nginx (exit status 1; not expected)
2026-01-24 17:28:32,952 INFO spawned: 'nginx' with pid 171
2026-01-24 17:28:33,975 INFO success: nginx entered RUNNING state, process has stayed up for > than 1 seconds (startsecs)
2026-01-24 17:28:35,478 INFO exited: nginx (exit status 1; not expected)
2026-01-24 17:28:36,482 INFO spawned: 'nginx' with pid 172
2026-01-24 17:28:37,506 INFO success: nginx entered RUNNING state, process has stayed up for > than 1 seconds (startsecs)
2026-01-24 17:28:39,012 INFO exited: nginx (exit status 1; not expected)
2026-01-24 17:28:40,018 INFO spawned: 'nginx' with pid 173
2026-01-24 17:28:41,075 INFO success: nginx entered RUNNING state, process has stayed up for > than 1 seconds (startsecs)
2026-01-24 17:28:42,582 INFO exited: nginx (exit status 1; not expected)
2026-01-24 17:28:43,586 INFO spawned: 'nginx' with pid 174
2026-01-24 17:28:44,609 INFO success: nginx entered RUNNING state, process has stayed up for > than 1 seconds (startsecs)
2026-01-24 17:28:46,111 INFO exited: nginx (exit status 1; not expected)
2026-01-24 17:28:47,115 INFO spawned: 'nginx' with pid 175
2026-01-24 17:28:48,137 INFO success: nginx entered RUNNING state, process has stayed up for > than 1 seconds (startsecs)
2026-01-24 17:28:49,643 INFO exited: nginx (exit status 1; not expected)
2026-01-24 17:28:50,649 INFO spawned: 'nginx' with pid 176
2026-01-24 17:28:51,713 INFO success: nginx entered RUNNING state, process has stayed up for > than 1 seconds (startsecs)
2026-01-24 17:28:53,218 INFO exited: nginx (exit status 1; not expected)
2026-01-24 17:28:54,224 INFO spawned: 'nginx' with pid 177
2026-01-24 17:28:55,282 INFO success: nginx entered RUNNING state, process has stayed up for > than 1 seconds (startsecs)
2026-01-24 17:28:56,786 INFO exited: nginx (exit status 1; not expected)
2026-01-24 17:28:57,789 INFO spawned: 'nginx' with pid 178
2026-01-24 17:28:58,812 INFO success: nginx entered RUNNING state, process has stayed up for > than 1 seconds (startsecs)
2026-01-24 17:29:00,315 INFO exited: nginx (exit status 1; not expected)
2026-01-24 17:29:01,318 INFO spawned: 'nginx' with pid 179
2026-01-24 17:29:02,341 INFO success: nginx entered RUNNING state, process has stayed up for > than 1 seconds (startsecs)
2026-01-24 17:29:03,844 INFO exited: nginx (exit status 1; not expected)
2026-01-24 17:29:04,847 INFO spawned: 'nginx' with pid 180
2026-01-24 17:29:05,869 INFO success: nginx entered RUNNING state, process has stayed up for > than 1 seconds (startsecs)
2026-01-24 17:29:07,372 INFO exited: nginx (exit status 1; not expected)
2026-01-24 17:29:08,375 INFO spawned: 'nginx' with pid 181
2026-01-24 17:29:09,398 INFO success: nginx entered RUNNING state, process has stayed up for > than 1 seconds (startsecs)
2026-01-24 17:29:10,904 INFO exited: nginx (exit status 1; not expected)
2026-01-24 17:29:11,908 INFO spawned: 'nginx' with pid 182
2026-01-24 17:29:12,932 INFO success: nginx entered RUNNING state, process has stayed up for > than 1 seconds (startsecs)
2026-01-24 17:29:14,437 INFO exited: nginx (exit status 1; not expected)
2026-01-24 17:29:15,441 INFO spawned: 'nginx' with pid 183
2026-01-24 17:29:16,464 INFO success: nginx entered RUNNING state, process has stayed up for > than 1 seconds (startsecs)
2026-01-24 17:29:17,967 INFO exited: nginx (exit status 1; not expected)
2026-01-24 17:29:18,970 INFO spawned: 'nginx' with pid 184
2026-01-24 17:29:19,993 INFO success: nginx entered RUNNING state, process has stayed up for > than 1 seconds (startsecs)
2026-01-24 17:29:21,498 INFO exited: nginx (exit status 1; not expected)
2026-01-24 17:29:22,504 INFO spawned: 'nginx' with pid 185
2026-01-24 17:29:23,588 INFO success: nginx entered RUNNING state, process has stayed up for > than 1 seconds (startsecs)
2026-01-24 17:29:25,094 INFO exited: nginx (exit status 1; not expected)
2026-01-24 17:29:26,097 INFO spawned: 'nginx' with pid 186
2026-01-24 17:29:27,121 INFO success: nginx entered RUNNING state, process has stayed up for > than 1 seconds (startsecs)
2026-01-24 17:29:28,626 INFO exited: nginx (exit status 1; not expected)
2026-01-24 17:29:29,630 INFO spawned: 'nginx' with pid 187
2026-01-24 17:29:30,653 INFO success: nginx entered RUNNING state, process has stayed up for > than 1 seconds (startsecs)
2026-01-24 17:29:32,156 INFO exited: nginx (exit status 1; not expected)
2026-01-24 17:29:33,159 INFO spawned: 'nginx' with pid 188
2026-01-24 17:29:34,182 INFO success: nginx entered RUNNING state, process has stayed up for > than 1 seconds (startsecs)
2026-01-24 17:29:35,684 INFO exited: nginx (exit status 1; not expected)
2026-01-24 17:29:36,689 INFO spawned: 'nginx' with pid 189
2026-01-24 17:29:37,711 INFO success: nginx entered RUNNING state, process has stayed up for > than 1 seconds (startsecs)
2026-01-24 17:29:39,214 INFO exited: nginx (exit status 1; not expected)
2026-01-24 17:29:40,220 INFO spawned: 'nginx' with pid 190
2026-01-24 17:29:41,279 INFO success: nginx entered RUNNING state, process has stayed up for > than 1 seconds (startsecs)
2026-01-24 17:29:42,785 INFO exited: nginx (exit status 1; not expected)
2026-01-24 17:29:43,791 INFO spawned: 'nginx' with pid 191
2026-01-24 17:29:44,849 INFO success: nginx entered RUNNING state, process has stayed up for > than 1 seconds (startsecs)
2026-01-24 17:29:46,354 INFO exited: nginx (exit status 1; not expected)
2026-01-24 17:29:47,361 INFO spawned: 'nginx' with pid 192
2026-01-24 17:29:48,417 INFO success: nginx entered RUNNING state, process has stayed up for > than 1 seconds (startsecs)
2026-01-24 17:29:49,924 INFO exited: nginx (exit status 1; not expected)
2026-01-24 17:29:50,931 INFO spawned: 'nginx' with pid 193
2026-01-24 17:29:51,992 INFO success: nginx entered RUNNING state, process has stayed up for > than 1 seconds (startsecs)
2026-01-24 17:29:53,497 INFO exited: nginx (exit status 1; not expected)
2026-01-24 17:29:54,504 INFO spawned: 'nginx' with pid 194
2026-01-24 17:29:55,563 INFO success: nginx entered RUNNING state, process has stayed up for > than 1 seconds (startsecs)
2026-01-24 17:29:57,069 INFO exited: nginx (exit status 1; not expected)
2026-01-24 17:29:58,075 INFO spawned: 'nginx' with pid 195
2026-01-24 17:29:59,139 INFO success: nginx entered RUNNING state, process has stayed up for > than 1 seconds (startsecs)
2026-01-24 17:30:00,641 INFO exited: nginx (exit status 1; not expected)
2026-01-24 17:30:01,646 INFO spawned: 'nginx' with pid 196
2026-01-24 17:30:02,670 INFO success: nginx entered RUNNING state, process has stayed up for > than 1 seconds (startsecs)
2026-01-24 17:30:04,173 INFO exited: nginx (exit status 1; not expected)
2026-01-24 17:30:05,177 INFO spawned: 'nginx' with pid 197
2026-01-24 17:30:06,201 INFO success: nginx entered RUNNING state, process has stayed up for > than 1 seconds (startsecs)
2026-01-24 17:30:07,706 INFO exited: nginx (exit status 1; not expected)
2026-01-24 17:30:08,709 INFO spawned: 'nginx' with pid 198
2026-01-24 17:30:09,732 INFO success: nginx entered RUNNING state, process has stayed up for > than 1 seconds (startsecs)
2026-01-24 17:30:11,235 INFO exited: nginx (exit status 1; not expected)
2026-01-24 17:30:12,239 INFO spawned: 'nginx' with pid 199
2026-01-24 17:30:13,262 INFO success: nginx entered RUNNING state, process has stayed up for > than 1 seconds (startsecs)
2026-01-24 17:30:14,768 INFO exited: nginx (exit status 1; not expected)
2026-01-24 17:30:15,772 INFO spawned: 'nginx' with pid 200
2026-01-24 17:30:16,794 INFO success: nginx entered RUNNING state, process has stayed up for > than 1 seconds (startsecs)
2026-01-24 17:30:18,296 INFO exited: nginx (exit status 1; not expected)
2026-01-24 17:30:19,300 INFO spawned: 'nginx' with pid 201
2026-01-24 17:30:20,324 INFO success: nginx entered RUNNING state, process has stayed up for > than 1 seconds (startsecs)
2026-01-24 17:30:21,826 INFO exited: nginx (exit status 1; not expected)
2026-01-24 17:30:22,830 INFO spawned: 'nginx' with pid 202
2026-01-24 17:30:23,857 INFO success: nginx entered RUNNING state, process has stayed up for > than 1 seconds (startsecs)
2026-01-24 17:30:25,361 INFO exited: nginx (exit status 1; not expected)
2026-01-24 17:30:26,368 INFO spawned: 'nginx' with pid 203
2026-01-24 17:30:27,432 INFO success: nginx entered RUNNING state, process has stayed up for > than 1 seconds (startsecs)
2026-01-24 17:30:28,937 INFO exited: nginx (exit status 1; not expected)
2026-01-24 17:30:29,941 INFO spawned: 'nginx' with pid 204
2026-01-24 17:30:30,964 INFO success: nginx entered RUNNING state, process has stayed up for > than 1 seconds (startsecs)
2026-01-24 17:30:32,467 INFO exited: nginx (exit status 1; not expected)
2026-01-24 17:30:33,470 INFO spawned: 'nginx' with pid 205
2026-01-24 17:30:34,495 INFO success: nginx entered RUNNING state, process has stayed up for > than 1 seconds (startsecs)
2026-01-24 17:30:35,997 INFO exited: nginx (exit status 1; not expected)
2026-01-24 17:30:37,001 INFO spawned: 'nginx' with pid 206
2026-01-24 17:30:38,024 INFO success: nginx entered RUNNING state, process has stayed up for > than 1 seconds (startsecs)
2026-01-24 17:30:39,526 INFO exited: nginx (exit status 1; not expected)
2026-01-24 17:30:40,530 INFO spawned: 'nginx' with pid 207
2026-01-24 17:30:41,553 INFO success: nginx entered RUNNING state, process has stayed up for > than 1 seconds (startsecs)
2026-01-24 17:30:43,056 INFO exited: nginx (exit status 1; not expected)
2026-01-24 17:30:44,062 INFO spawned: 'nginx' with pid 208
2026-01-24 17:30:45,120 INFO success: nginx entered RUNNING state, process has stayed up for > than 1 seconds (startsecs)
2026-01-24 17:30:46,623 INFO exited: nginx (exit status 1; not expected)
2026-01-24 17:30:47,629 INFO spawned: 'nginx' with pid 209
2026-01-24 17:30:48,705 INFO success: nginx entered RUNNING state, process has stayed up for > than 1 seconds (startsecs)
2026-01-24 17:30:50,208 INFO exited: nginx (exit status 1; not expected)
2026-01-24 17:30:51,212 INFO spawned: 'nginx' with pid 210
2026-01-24 17:30:52,237 INFO success: nginx entered RUNNING state, process has stayed up for > than 1 seconds (startsecs)
2026-01-24 17:30:53,739 INFO exited: nginx (exit status 1; not expected)
2026-01-24 17:30:54,743 INFO spawned: 'nginx' with pid 211
2026-01-24 17:30:55,766 INFO success: nginx entered RUNNING state, process has stayed up for > than 1 seconds (startsecs)
2026-01-24 17:30:57,268 INFO exited: nginx (exit status 1; not expected)
2026-01-24 17:30:58,275 INFO spawned: 'nginx' with pid 212
2026-01-24 17:30:59,332 INFO success: nginx entered RUNNING state, process has stayed up for > than 1 seconds (startsecs)
2026-01-24 17:31:00,835 INFO exited: nginx (exit status 1; not expected)
2026-01-24 17:31:01,839 INFO spawned: 'nginx' with pid 213
2026-01-24 17:31:02,861 INFO success: nginx entered RUNNING state, process has stayed up for > than 1 seconds (startsecs)
2026-01-24 17:31:04,367 INFO exited: nginx (exit status 1; not expected)
2026-01-24 17:31:05,374 INFO spawned: 'nginx' with pid 214
2026-01-24 17:31:06,433 INFO success: nginx entered RUNNING state, process has stayed up for > than 1 seconds (startsecs)
2026-01-24 17:31:07,939 INFO exited: nginx (exit status 1; not expected)
2026-01-24 17:31:08,943 INFO spawned: 'nginx' with pid 215
2026-01-24 17:31:09,966 INFO success: nginx entered RUNNING state, process has stayed up for > than 1 seconds (startsecs)
2026-01-24 17:31:11,469 INFO exited: nginx (exit status 1; not expected)
2026-01-24 17:31:12,472 INFO spawned: 'nginx' with pid 216
2026-01-24 17:31:13,496 INFO success: nginx entered RUNNING state, process has stayed up for > than 1 seconds (startsecs)
2026-01-24 17:31:15,004 INFO exited: nginx (exit status 1; not expected)
2026-01-24 17:31:16,011 INFO spawned: 'nginx' with pid 217
2026-01-24 17:31:17,076 INFO success: nginx entered RUNNING state, process has stayed up for > than 1 seconds (startsecs)
2026-01-24 17:31:18,583 INFO exited: nginx (exit status 1; not expected)
2026-01-24 17:31:19,593 INFO spawned: 'nginx' with pid 218
2026-01-24 17:31:20,656 INFO success: nginx entered RUNNING state, process has stayed up for > than 1 seconds (startsecs)
2026-01-24 17:31:22,159 INFO exited: nginx (exit status 1; not expected)
2026-01-24 17:31:23,164 INFO spawned: 'nginx' with pid 219
2026-01-24 17:31:24,187 INFO success: nginx entered RUNNING state, process has stayed up for > than 1 seconds (startsecs)
2026-01-24 17:31:25,694 INFO exited: nginx (exit status 1; not expected)
2026-01-24 17:31:26,701 INFO spawned: 'nginx' with pid 220
2026-01-24 17:31:27,762 INFO success: nginx entered RUNNING state, process has stayed up for > than 1 seconds (startsecs)
2026-01-24 17:31:29,268 INFO exited: nginx (exit status 1; not expected)
2026-01-24 17:31:30,274 INFO spawned: 'nginx' with pid 221
2026-01-24 17:31:31,330 INFO success: nginx entered RUNNING state, process has stayed up for > than 1 seconds (startsecs)
2026-01-24 17:31:32,833 INFO exited: nginx (exit status 1; not expected)
2026-01-24 17:31:33,836 INFO spawned: 'nginx' with pid 222
2026-01-24 17:31:34,861 INFO success: nginx entered RUNNING state, process has stayed up for > than 1 seconds (startsecs)
2026-01-24 17:31:36,370 INFO exited: nginx (exit status 1; not expected)
2026-01-24 17:31:37,378 INFO spawned: 'nginx' with pid 223
2026-01-24 17:31:38,436 INFO success: nginx entered RUNNING state, process has stayed up for > than 1 seconds (startsecs)
2026-01-24 17:31:39,942 INFO exited: nginx (exit status 1; not expected)
2026-01-24 17:31:40,946 INFO spawned: 'nginx' with pid 224
2026-01-24 17:31:41,970 INFO success: nginx entered RUNNING state, process has stayed up for > than 1 seconds (startsecs)
2026-01-24 17:31:43,472 INFO exited: nginx (exit status 1; not expected)
2026-01-24 17:31:44,479 INFO spawned: 'nginx' with pid 225
2026-01-24 17:31:45,538 INFO success: nginx entered RUNNING state, process has stayed up for > than 1 seconds (startsecs)
2026-01-24 17:31:47,044 INFO exited: nginx (exit status 1; not expected)
2026-01-24 17:31:48,051 INFO spawned: 'nginx' with pid 226
2026-01-24 17:31:49,110 INFO success: nginx entered RUNNING state, process has stayed up for > than 1 seconds (startsecs)
2026-01-24 17:31:50,616 INFO exited: nginx (exit status 1; not expected)
2026-01-24 17:31:51,622 INFO spawned: 'nginx' with pid 227
2026-01-24 17:31:52,679 INFO success: nginx entered RUNNING state, process has stayed up for > than 1 seconds (startsecs)
2026-01-24 17:31:54,182 INFO exited: nginx (exit status 1; not expected)
2026-01-24 17:31:55,185 INFO spawned: 'nginx' with pid 228
2026-01-24 17:31:56,235 INFO success: nginx entered RUNNING state, process has stayed up for > than 1 seconds (startsecs)
2026-01-24 17:31:57,741 INFO exited: nginx (exit status 1; not expected)
2026-01-24 17:31:58,747 INFO spawned: 'nginx' with pid 229
2026-01-24 17:31:59,805 INFO success: nginx entered RUNNING state, process has stayed up for > than 1 seconds (startsecs)
2026-01-24 17:32:01,311 INFO exited: nginx (exit status 1; not expected)
2026-01-24 17:32:02,317 INFO spawned: 'nginx' with pid 230
2026-01-24 17:32:03,374 INFO success: nginx entered RUNNING state, process has stayed up for > than 1 seconds (startsecs)
2026-01-24 17:32:04,877 INFO exited: nginx (exit status 1; not expected)
2026-01-24 17:32:05,881 INFO spawned: 'nginx' with pid 231
2026-01-24 17:32:06,905 INFO success: nginx entered RUNNING state, process has stayed up for > than 1 seconds (startsecs)
2026-01-24 17:32:08,410 INFO exited: nginx (exit status 1; not expected)
2026-01-24 17:32:09,418 INFO spawned: 'nginx' with pid 232
2026-01-24 17:32:10,481 INFO success: nginx entered RUNNING state, process has stayed up for > than 1 seconds (startsecs)
2026-01-24 17:32:11,986 INFO exited: nginx (exit status 1; not expected)
2026-01-24 17:32:12,992 INFO spawned: 'nginx' with pid 233
2026-01-24 17:32:14,054 INFO success: nginx entered RUNNING state, process has stayed up for > than 1 seconds (startsecs)
2026-01-24 17:32:15,560 INFO exited: nginx (exit status 1; not expected)
2026-01-24 17:32:16,564 INFO spawned: 'nginx' with pid 234
2026-01-24 17:32:17,590 INFO success: nginx entered RUNNING state, process has stayed up for > than 1 seconds (startsecs)
2026-01-24 17:32:19,093 INFO exited: nginx (exit status 1; not expected)
2026-01-24 17:32:20,097 INFO spawned: 'nginx' with pid 235
2026-01-24 17:32:21,119 INFO success: nginx entered RUNNING state, process has stayed up for > than 1 seconds (startsecs)
2026-01-24 17:32:22,622 INFO exited: nginx (exit status 1; not expected)
2026-01-24 17:32:23,626 INFO spawned: 'nginx' with pid 236
2026-01-24 17:32:24,651 INFO success: nginx entered RUNNING state, process has stayed up for > than 1 seconds (startsecs)
2026-01-24 17:32:26,153 INFO exited: nginx (exit status 1; not expected)
2026-01-24 17:32:27,157 INFO spawned: 'nginx' with pid 237
2026-01-24 17:32:28,180 INFO success: nginx entered RUNNING state, process has stayed up for > than 1 seconds (startsecs)
2026-01-24 17:32:29,686 INFO exited: nginx (exit status 1; not expected)
2026-01-24 17:32:30,692 INFO spawned: 'nginx' with pid 238
2026-01-24 17:32:31,770 INFO success: nginx entered RUNNING state, process has stayed up for > than 1 seconds (startsecs)
2026-01-24 17:32:33,275 INFO exited: nginx (exit status 1; not expected)
2026-01-24 17:32:34,281 INFO spawned: 'nginx' with pid 239
2026-01-24 17:32:35,340 INFO success: nginx entered RUNNING state, process has stayed up for > than 1 seconds (startsecs)
2026-01-24 17:32:36,842 INFO exited: nginx (exit status 1; not expected)
2026-01-24 17:32:37,848 INFO spawned: 'nginx' with pid 240
2026-01-24 17:32:38,925 INFO success: nginx entered RUNNING state, process has stayed up for > than 1 seconds (startsecs)
2026-01-24 17:32:40,428 INFO exited: nginx (exit status 1; not expected)
2026-01-24 17:32:41,431 INFO spawned: 'nginx' with pid 241
2026-01-24 17:32:42,454 INFO success: nginx entered RUNNING state, process has stayed up for > than 1 seconds (startsecs)
2026-01-24 17:32:43,958 INFO exited: nginx (exit status 1; not expected)
2026-01-24 17:32:44,964 INFO spawned: 'nginx' with pid 242
2026-01-24 17:32:46,023 INFO success: nginx entered RUNNING state, process has stayed up for > than 1 seconds (startsecs)
2026-01-24 17:32:47,528 INFO exited: nginx (exit status 1; not expected)
2026-01-24 17:32:48,537 INFO spawned: 'nginx' with pid 243
2026-01-24 17:32:49,596 INFO success: nginx entered RUNNING state, process has stayed up for > than 1 seconds (startsecs)
2026-01-24 17:32:51,100 INFO exited: nginx (exit status 1; not expected)
2026-01-24 17:32:52,103 INFO spawned: 'nginx' with pid 244
2026-01-24 17:32:53,127 INFO success: nginx entered RUNNING state, process has stayed up for > than 1 seconds (startsecs)
2026-01-24 17:32:54,632 INFO exited: nginx (exit status 1; not expected)
2026-01-24 17:32:55,636 INFO spawned: 'nginx' with pid 245
2026-01-24 17:32:56,658 INFO success: nginx entered RUNNING state, process has stayed up for > than 1 seconds (startsecs)
2026-01-24 17:32:58,161 INFO exited: nginx (exit status 1; not expected)
2026-01-24 17:32:59,164 INFO spawned: 'nginx' with pid 246
2026-01-24 17:33:00,188 INFO success: nginx entered RUNNING state, process has stayed up for > than 1 seconds (startsecs)
2026-01-24 17:33:01,690 INFO exited: nginx (exit status 1; not expected)
2026-01-24 17:33:02,694 INFO spawned: 'nginx' with pid 247
2026-01-24 17:33:03,717 INFO success: nginx entered RUNNING state, process has stayed up for > than 1 seconds (startsecs)
2026-01-24 17:33:05,220 INFO exited: nginx (exit status 1; not expected)
2026-01-24 17:33:06,223 INFO spawned: 'nginx' with pid 248
2026-01-24 17:33:07,246 INFO success: nginx entered RUNNING state, process has stayed up for > than 1 seconds (startsecs)
2026-01-24 17:33:08,749 INFO exited: nginx (exit status 1; not expected)
2026-01-24 17:33:09,753 INFO spawned: 'nginx' with pid 249
2026-01-24 17:33:10,779 INFO success: nginx entered RUNNING state, process has stayed up for > than 1 seconds (startsecs)
2026-01-24 17:33:12,282 INFO exited: nginx (exit status 1; not expected)
2026-01-24 17:33:13,286 INFO spawned: 'nginx' with pid 250
2026-01-24 17:33:14,315 INFO success: nginx entered RUNNING state, process has stayed up for > than 1 seconds (startsecs)
2026-01-24 17:33:15,820 INFO exited: nginx (exit status 1; not expected)
2026-01-24 17:33:16,826 INFO spawned: 'nginx' with pid 251
2026-01-24 17:33:17,884 INFO success: nginx entered RUNNING state, process has stayed up for > than 1 seconds (startsecs)
2026-01-24 17:33:19,390 INFO exited: nginx (exit status 1; not expected)
2026-01-24 17:33:20,394 INFO spawned: 'nginx' with pid 252
2026-01-24 17:33:21,417 INFO success: nginx entered RUNNING state, process has stayed up for > than 1 seconds (startsecs)
2026-01-24 17:33:22,919 INFO exited: nginx (exit status 1; not expected)
2026-01-24 17:33:23,925 INFO spawned: 'nginx' with pid 253
2026-01-24 17:33:24,984 INFO success: nginx entered RUNNING state, process has stayed up for > than 1 seconds (startsecs)
2026-01-24 17:33:26,489 INFO exited: nginx (exit status 1; not expected)
2026-01-24 17:33:27,495 INFO spawned: 'nginx' with pid 254
2026-01-24 17:33:28,553 INFO success: nginx entered RUNNING state, process has stayed up for > than 1 seconds (startsecs)
2026-01-24 17:33:30,058 INFO exited: nginx (exit status 1; not expected)
2026-01-24 17:33:31,062 INFO spawned: 'nginx' with pid 255
2026-01-24 17:33:32,087 INFO success: nginx entered RUNNING state, process has stayed up for > than 1 seconds (startsecs)
2026-01-24 17:33:33,589 INFO exited: nginx (exit status 1; not expected)
2026-01-24 17:33:34,595 INFO spawned: 'nginx' with pid 256
2026-01-24 17:33:35,653 INFO success: nginx entered RUNNING state, process has stayed up for > than 1 seconds (startsecs)
2026-01-24 17:33:37,157 INFO exited: nginx (exit status 1; not expected)
2026-01-24 17:33:38,160 INFO spawned: 'nginx' with pid 257
2026-01-24 17:33:39,199 INFO success: nginx entered RUNNING state, process has stayed up for > than 1 seconds (startsecs)
2026-01-24 17:33:40,703 INFO exited: nginx (exit status 1; not expected)
2026-01-24 17:33:41,707 INFO spawned: 'nginx' with pid 258
2026-01-24 17:33:42,736 INFO success: nginx entered RUNNING state, process has stayed up for > than 1 seconds (startsecs)
2026-01-24 17:33:44,241 INFO exited: nginx (exit status 1; not expected)
2026-01-24 17:33:45,247 INFO spawned: 'nginx' with pid 259
2026-01-24 17:33:46,304 INFO success: nginx entered RUNNING state, process has stayed up for > than 1 seconds (startsecs)
2026-01-24 17:33:47,810 INFO exited: nginx (exit status 1; not expected)
2026-01-24 17:33:48,817 INFO spawned: 'nginx' with pid 260
2026-01-24 17:33:49,877 INFO success: nginx entered RUNNING state, process has stayed up for > than 1 seconds (startsecs)
2026-01-24 17:33:51,380 INFO exited: nginx (exit status 1; not expected)
2026-01-24 17:33:52,383 INFO spawned: 'nginx' with pid 261
2026-01-24 17:33:53,407 INFO success: nginx entered RUNNING state, process has stayed up for > than 1 seconds (startsecs)
2026-01-24 17:33:54,911 INFO exited: nginx (exit status 1; not expected)
2026-01-24 17:33:55,914 INFO spawned: 'nginx' with pid 262
2026-01-24 17:33:56,937 INFO success: nginx entered RUNNING state, process has stayed up for > than 1 seconds (startsecs)
2026-01-24 17:33:58,439 INFO exited: nginx (exit status 1; not expected)
2026-01-24 17:33:59,442 INFO spawned: 'nginx' with pid 263
2026-01-24 17:34:00,483 INFO success: nginx entered RUNNING state, process has stayed up for > than 1 seconds (startsecs)
2026-01-24 17:34:01,986 INFO exited: nginx (exit status 1; not expected)
2026-01-24 17:34:02,989 INFO spawned: 'nginx' with pid 264
2026-01-24 17:34:04,013 INFO success: nginx entered RUNNING state, process has stayed up for > than 1 seconds (startsecs)
2026-01-24 17:34:05,519 INFO exited: nginx (exit status 1; not expected)
2026-01-24 17:34:06,525 INFO spawned: 'nginx' with pid 265
2026-01-24 17:34:07,582 INFO success: nginx entered RUNNING state, process has stayed up for > than 1 seconds (startsecs)
2026-01-24 17:34:09,088 INFO exited: nginx (exit status 1; not expected)
2026-01-24 17:34:10,095 INFO spawned: 'nginx' with pid 266
2026-01-24 17:34:11,154 INFO success: nginx entered RUNNING state, process has stayed up for > than 1 seconds (startsecs)
2026-01-24 17:34:12,658 INFO exited: nginx (exit status 1; not expected)
2026-01-24 17:34:13,661 INFO spawned: 'nginx' with pid 267
2026-01-24 17:34:14,701 INFO success: nginx entered RUNNING state, process has stayed up for > than 1 seconds (startsecs)
2026-01-24 17:34:16,206 INFO exited: nginx (exit status 1; not expected)
2026-01-24 17:34:17,212 INFO spawned: 'nginx' with pid 268
2026-01-24 17:34:18,268 INFO success: nginx entered RUNNING state, process has stayed up for > than 1 seconds (startsecs)
2026-01-24 17:34:19,776 INFO exited: nginx (exit status 1; not expected)
2026-01-24 17:34:20,782 INFO spawned: 'nginx' with pid 269
2026-01-24 17:34:21,840 INFO success: nginx entered RUNNING state, process has stayed up for > than 1 seconds (startsecs)
2026-01-24 17:34:23,342 INFO exited: nginx (exit status 1; not expected)
2026-01-24 17:34:24,348 INFO spawned: 'nginx' with pid 270
2026-01-24 17:34:25,405 INFO success: nginx entered RUNNING state, process has stayed up for > than 1 seconds (startsecs)
2026-01-24 17:34:26,907 INFO exited: nginx (exit status 1; not expected)
2026-01-24 17:34:27,913 INFO spawned: 'nginx' with pid 271
2026-01-24 17:34:28,971 INFO success: nginx entered RUNNING state, process has stayed up for > than 1 seconds (startsecs)
2026-01-24 17:34:30,474 INFO exited: nginx (exit status 1; not expected)
2026-01-24 17:34:31,477 INFO spawned: 'nginx' with pid 272
2026-01-24 17:34:32,503 INFO success: nginx entered RUNNING state, process has stayed up for > than 1 seconds (startsecs)
2026-01-24 17:34:34,005 INFO exited: nginx (exit status 1; not expected)
2026-01-24 17:34:35,009 INFO spawned: 'nginx' with pid 273
2026-01-24 17:34:36,031 INFO success: nginx entered RUNNING state, process has stayed up for > than 1 seconds (startsecs)
2026-01-24 17:34:37,534 INFO exited: nginx (exit status 1; not expected)
2026-01-24 17:34:38,537 INFO spawned: 'nginx' with pid 274
2026-01-24 17:34:39,563 INFO success: nginx entered RUNNING state, process has stayed up for > than 1 seconds (startsecs)
2026-01-24 17:34:41,071 INFO exited: nginx (exit status 1; not expected)
2026-01-24 17:34:42,077 INFO spawned: 'nginx' with pid 275
2026-01-24 17:34:43,134 INFO success: nginx entered RUNNING state, process has stayed up for > than 1 seconds (startsecs)
2026-01-24 17:34:44,640 INFO exited: nginx (exit status 1; not expected)
2026-01-24 17:34:45,644 INFO spawned: 'nginx' with pid 276
2026-01-24 17:34:46,667 INFO success: nginx entered RUNNING state, process has stayed up for > than 1 seconds (startsecs)
2026-01-24 17:34:48,169 INFO exited: nginx (exit status 1; not expected)
2026-01-24 17:34:49,173 INFO spawned: 'nginx' with pid 277
2026-01-24 17:34:50,196 INFO success: nginx entered RUNNING state, process has stayed up for > than 1 seconds (startsecs)
2026-01-24 17:34:51,702 INFO exited: nginx (exit status 1; not expected)
2026-01-24 17:34:52,707 INFO spawned: 'nginx' with pid 278
2026-01-24 17:34:53,778 INFO success: nginx entered RUNNING state, process has stayed up for > than 1 seconds (startsecs)
2026-01-24 17:34:55,283 INFO exited: nginx (exit status 1; not expected)
2026-01-24 17:34:56,289 INFO spawned: 'nginx' with pid 279
2026-01-24 17:34:57,349 INFO success: nginx entered RUNNING state, process has stayed up for > than 1 seconds (startsecs)
2026-01-24 17:34:58,851 INFO exited: nginx (exit status 1; not expected)
2026-01-24 17:34:59,855 INFO spawned: 'nginx' with pid 280
2026-01-24 17:35:00,878 INFO success: nginx entered RUNNING state, process has stayed up for > than 1 seconds (startsecs)
2026-01-24 17:35:02,381 INFO exited: nginx (exit status 1; not expected)
2026-01-24 17:35:03,384 INFO spawned: 'nginx' with pid 281
2026-01-24 17:35:04,412 INFO success: nginx entered RUNNING state, process has stayed up for > than 1 seconds (startsecs)
2026-01-24 17:35:05,915 INFO exited: nginx (exit status 1; not expected)
2026-01-24 17:35:06,919 INFO spawned: 'nginx' with pid 282
2026-01-24 17:35:07,943 INFO success: nginx entered RUNNING state, process has stayed up for > than 1 seconds (startsecs)
2026-01-24 17:35:09,446 INFO exited: nginx (exit status 1; not expected)
2026-01-24 17:35:10,450 INFO spawned: 'nginx' with pid 283
2026-01-24 17:35:11,473 INFO success: nginx entered RUNNING state, process has stayed up for > than 1 seconds (startsecs)
2026-01-24 17:35:12,978 INFO exited: nginx (exit status 1; not expected)
2026-01-24 17:35:13,985 INFO spawned: 'nginx' with pid 284
2026-01-24 17:35:15,047 INFO success: nginx entered RUNNING state, process has stayed up for > than 1 seconds (startsecs)
2026-01-24 17:35:16,552 INFO exited: nginx (exit status 1; not expected)
2026-01-24 17:35:17,557 INFO spawned: 'nginx' with pid 285
2026-01-24 17:35:18,580 INFO success: nginx entered RUNNING state, process has stayed up for > than 1 seconds (startsecs)
2026-01-24 17:35:20,083 INFO exited: nginx (exit status 1; not expected)
2026-01-24 17:35:21,086 INFO spawned: 'nginx' with pid 286
2026-01-24 17:35:22,110 INFO success: nginx entered RUNNING state, process has stayed up for > than 1 seconds (startsecs)
2026-01-24 17:35:23,613 INFO exited: nginx (exit status 1; not expected)
2026-01-24 17:35:24,619 INFO spawned: 'nginx' with pid 287
2026-01-24 17:35:25,677 INFO success: nginx entered RUNNING state, process has stayed up for > than 1 seconds (startsecs)
2026-01-24 17:35:27,183 INFO exited: nginx (exit status 1; not expected)
2026-01-24 17:35:28,191 INFO spawned: 'nginx' with pid 288
2026-01-24 17:35:29,215 INFO success: nginx entered RUNNING state, process has stayed up for > than 1 seconds (startsecs)
2026-01-24 17:35:30,719 INFO exited: nginx (exit status 1; not expected)
2026-01-24 17:35:31,722 INFO spawned: 'nginx' with pid 289
2026-01-24 17:35:32,745 INFO success: nginx entered RUNNING state, process has stayed up for > than 1 seconds (startsecs)
2026-01-24 17:35:34,250 INFO exited: nginx (exit status 1; not expected)
2026-01-24 17:35:35,254 INFO spawned: 'nginx' with pid 290
2026-01-24 17:35:36,275 INFO success: nginx entered RUNNING state, process has stayed up for > than 1 seconds (startsecs)
2026-01-24 17:35:37,782 INFO exited: nginx (exit status 1; not expected)
2026-01-24 17:35:38,785 INFO spawned: 'nginx' with pid 291
2026-01-24 17:35:39,809 INFO success: nginx entered RUNNING state, process has stayed up for > than 1 seconds (startsecs)
2026-01-24 17:35:41,312 INFO exited: nginx (exit status 1; not expected)
2026-01-24 17:35:41,315 INFO spawned: 'nginx' with pid 292
2026-01-24 17:35:42,340 INFO success: nginx entered RUNNING state, process has stayed up for > than 1 seconds (startsecs)
2026-01-24 17:35:42,340 WARN received SIGTERM indicating exit request
2026-01-24 17:35:42,341 INFO waiting for nginx to die
2026-01-24 17:35:42,842 INFO stopped: nginx (terminated by SIGTERM)
2026-01-24 17:35:44,334 INFO Set uid to user 0 succeeded
2026-01-24 17:35:44,340 INFO supervisord started with pid 1
2026-01-24 17:35:45,346 INFO spawned: 'nginx' with pid 92
2026-01-24 17:35:45,348 INFO spawnerr: can't find command '/usr/sbin/cron'
2026-01-24 17:35:45,433 INFO exited: nginx (exit status 0; not expected)
2026-01-24 17:35:46,437 INFO spawned: 'nginx' with pid 96
2026-01-24 17:35:46,438 INFO spawnerr: can't find command '/usr/sbin/cron'
2026-01-24 17:35:47,479 INFO success: nginx entered RUNNING state, process has stayed up for > than 1 seconds (startsecs)
2026-01-24 17:35:48,480 INFO spawnerr: can't find command '/usr/sbin/cron'
2026-01-24 17:35:48,981 INFO exited: nginx (exit status 1; not expected)
2026-01-24 17:35:49,987 INFO spawned: 'nginx' with pid 97
2026-01-24 17:35:51,045 INFO success: nginx entered RUNNING state, process has stayed up for > than 1 seconds (startsecs)
2026-01-24 17:35:51,546 INFO spawnerr: can't find command '/usr/sbin/cron'
2026-01-24 17:35:51,546 INFO gave up: cron entered FATAL state, too many start retries too quickly
2026-01-24 17:35:52,548 INFO exited: nginx (exit status 1; not expected)
2026-01-24 17:35:53,551 INFO spawned: 'nginx' with pid 98
2026-01-24 17:35:54,578 INFO success: nginx entered RUNNING state, process has stayed up for > than 1 seconds (startsecs)
2026-01-24 17:35:56,084 INFO exited: nginx (exit status 1; not expected)
2026-01-24 17:35:57,091 INFO spawned: 'nginx' with pid 99
2026-01-24 17:35:58,148 INFO success: nginx entered RUNNING state, process has stayed up for > than 1 seconds (startsecs)
2026-01-24 17:35:59,654 INFO exited: nginx (exit status 1; not expected)
2026-01-24 17:36:00,658 INFO spawned: 'nginx' with pid 100
2026-01-24 17:36:01,682 INFO success: nginx entered RUNNING state, process has stayed up for > than 1 seconds (startsecs)
2026-01-24 17:36:03,185 INFO exited: nginx (exit status 1; not expected)
2026-01-24 17:36:04,190 INFO spawned: 'nginx' with pid 101
2026-01-24 17:36:05,248 INFO success: nginx entered RUNNING state, process has stayed up for > than 1 seconds (startsecs)
2026-01-24 17:36:06,756 INFO exited: nginx (exit status 1; not expected)
2026-01-24 17:36:07,762 INFO spawned: 'nginx' with pid 102
2026-01-24 17:36:08,829 INFO success: nginx entered RUNNING state, process has stayed up for > than 1 seconds (startsecs)
2026-01-24 17:36:10,332 INFO exited: nginx (exit status 1; not expected)
2026-01-24 17:36:11,335 INFO spawned: 'nginx' with pid 103
2026-01-24 17:36:12,361 INFO success: nginx entered RUNNING state, process has stayed up for > than 1 seconds (startsecs)
2026-01-24 17:36:13,868 INFO exited: nginx (exit status 1; not expected)
2026-01-24 17:36:14,874 INFO spawned: 'nginx' with pid 104
2026-01-24 17:36:15,934 INFO success: nginx entered RUNNING state, process has stayed up for > than 1 seconds (startsecs)
2026-01-24 17:36:17,439 INFO exited: nginx (exit status 1; not expected)
2026-01-24 17:36:18,446 INFO spawned: 'nginx' with pid 105
2026-01-24 17:36:19,507 INFO success: nginx entered RUNNING state, process has stayed up for > than 1 seconds (startsecs)
2026-01-24 17:36:21,009 INFO exited: nginx (exit status 1; not expected)
2026-01-24 17:36:22,012 INFO spawned: 'nginx' with pid 106
2026-01-24 17:36:23,035 INFO success: nginx entered RUNNING state, process has stayed up for > than 1 seconds (startsecs)
2026-01-24 17:36:24,541 INFO exited: nginx (exit status 1; not expected)
2026-01-24 17:36:25,547 INFO spawned: 'nginx' with pid 107
2026-01-24 17:36:26,605 INFO success: nginx entered RUNNING state, process has stayed up for > than 1 seconds (startsecs)
2026-01-24 17:36:28,108 INFO exited: nginx (exit status 1; not expected)
2026-01-24 17:36:29,114 INFO spawned: 'nginx' with pid 108
2026-01-24 17:36:30,174 INFO success: nginx entered RUNNING state, process has stayed up for > than 1 seconds (startsecs)
2026-01-24 17:36:31,680 INFO exited: nginx (exit status 1; not expected)
2026-01-24 17:36:32,686 INFO spawned: 'nginx' with pid 109
2026-01-24 17:36:33,746 INFO success: nginx entered RUNNING state, process has stayed up for > than 1 seconds (startsecs)
2026-01-24 17:36:35,252 INFO exited: nginx (exit status 1; not expected)
2026-01-24 17:36:36,259 INFO spawned: 'nginx' with pid 110
2026-01-24 17:36:37,306 INFO success: nginx entered RUNNING state, process has stayed up for > than 1 seconds (startsecs)
2026-01-24 17:36:38,814 INFO exited: nginx (exit status 1; not expected)
2026-01-24 17:36:39,821 INFO spawned: 'nginx' with pid 111
2026-01-24 17:36:40,881 INFO success: nginx entered RUNNING state, process has stayed up for > than 1 seconds (startsecs)
2026-01-24 17:36:42,385 INFO exited: nginx (exit status 1; not expected)
2026-01-24 17:36:43,393 INFO spawned: 'nginx' with pid 112
2026-01-24 17:36:44,418 INFO success: nginx entered RUNNING state, process has stayed up for > than 1 seconds (startsecs)
2026-01-24 17:36:45,923 INFO exited: nginx (exit status 1; not expected)
2026-01-24 17:36:46,930 INFO spawned: 'nginx' with pid 113
2026-01-24 17:36:47,991 INFO success: nginx entered RUNNING state, process has stayed up for > than 1 seconds (startsecs)
2026-01-24 17:36:49,494 INFO exited: nginx (exit status 1; not expected)
2026-01-24 17:36:50,497 INFO spawned: 'nginx' with pid 114
2026-01-24 17:36:51,522 INFO success: nginx entered RUNNING state, process has stayed up for > than 1 seconds (startsecs)
2026-01-24 17:36:53,025 INFO exited: nginx (exit status 1; not expected)
2026-01-24 17:36:54,029 INFO spawned: 'nginx' with pid 115
2026-01-24 17:36:55,051 INFO success: nginx entered RUNNING state, process has stayed up for > than 1 seconds (startsecs)
2026-01-24 17:36:56,554 INFO exited: nginx (exit status 1; not expected)
2026-01-24 17:36:57,558 INFO spawned: 'nginx' with pid 116
2026-01-24 17:36:58,581 INFO success: nginx entered RUNNING state, process has stayed up for > than 1 seconds (startsecs)
2026-01-24 17:37:00,088 INFO exited: nginx (exit status 1; not expected)
2026-01-24 17:37:01,092 INFO spawned: 'nginx' with pid 117
2026-01-24 17:37:02,117 INFO success: nginx entered RUNNING state, process has stayed up for > than 1 seconds (startsecs)
2026-01-24 17:37:03,619 INFO exited: nginx (exit status 1; not expected)
2026-01-24 17:37:04,625 INFO spawned: 'nginx' with pid 118
2026-01-24 17:37:05,683 INFO success: nginx entered RUNNING state, process has stayed up for > than 1 seconds (startsecs)
2026-01-24 17:37:07,186 INFO exited: nginx (exit status 1; not expected)
2026-01-24 17:37:08,189 INFO spawned: 'nginx' with pid 119
2026-01-24 17:37:09,212 INFO success: nginx entered RUNNING state, process has stayed up for > than 1 seconds (startsecs)
2026-01-24 17:37:10,715 INFO exited: nginx (exit status 1; not expected)
2026-01-24 17:37:11,719 INFO spawned: 'nginx' with pid 120
2026-01-24 17:37:12,742 INFO success: nginx entered RUNNING state, process has stayed up for > than 1 seconds (startsecs)
2026-01-24 17:37:14,248 INFO exited: nginx (exit status 1; not expected)
2026-01-24 17:37:15,254 INFO spawned: 'nginx' with pid 121
2026-01-24 17:37:16,314 INFO success: nginx entered RUNNING state, process has stayed up for > than 1 seconds (startsecs)
2026-01-24 17:37:17,820 INFO exited: nginx (exit status 1; not expected)
2026-01-24 17:37:18,826 INFO spawned: 'nginx' with pid 122
2026-01-24 17:37:19,885 INFO success: nginx entered RUNNING state, process has stayed up for > than 1 seconds (startsecs)
2026-01-24 17:37:21,387 INFO exited: nginx (exit status 1; not expected)
2026-01-24 17:37:22,393 INFO spawned: 'nginx' with pid 123
2026-01-24 17:37:23,453 INFO success: nginx entered RUNNING state, process has stayed up for > than 1 seconds (startsecs)
2026-01-24 17:37:24,959 INFO exited: nginx (exit status 1; not expected)
2026-01-24 17:37:25,963 INFO spawned: 'nginx' with pid 124
2026-01-24 17:37:26,987 INFO success: nginx entered RUNNING state, process has stayed up for > than 1 seconds (startsecs)
2026-01-24 17:37:28,492 INFO exited: nginx (exit status 1; not expected)
2026-01-24 17:37:29,499 INFO spawned: 'nginx' with pid 125
2026-01-24 17:37:30,560 INFO success: nginx entered RUNNING state, process has stayed up for > than 1 seconds (startsecs)
2026-01-24 17:37:32,062 INFO exited: nginx (exit status 1; not expected)
2026-01-24 17:37:33,066 INFO spawned: 'nginx' with pid 126
2026-01-24 17:37:34,095 INFO success: nginx entered RUNNING state, process has stayed up for > than 1 seconds (startsecs)
2026-01-24 17:37:35,598 INFO exited: nginx (exit status 1; not expected)
2026-01-24 17:37:36,601 INFO spawned: 'nginx' with pid 127
2026-01-24 17:37:37,626 INFO success: nginx entered RUNNING state, process has stayed up for > than 1 seconds (startsecs)
2026-01-24 17:37:39,132 INFO exited: nginx (exit status 1; not expected)
2026-01-24 17:37:40,138 INFO spawned: 'nginx' with pid 128
2026-01-24 17:37:41,197 INFO success: nginx entered RUNNING state, process has stayed up for > than 1 seconds (startsecs)
2026-01-24 17:37:42,700 INFO exited: nginx (exit status 1; not expected)
2026-01-24 17:37:43,703 INFO spawned: 'nginx' with pid 129
2026-01-24 17:37:44,728 INFO success: nginx entered RUNNING state, process has stayed up for > than 1 seconds (startsecs)
2026-01-24 17:37:46,233 INFO exited: nginx (exit status 1; not expected)
2026-01-24 17:37:47,239 INFO spawned: 'nginx' with pid 130
2026-01-24 17:37:48,294 INFO success: nginx entered RUNNING state, process has stayed up for > than 1 seconds (startsecs)
2026-01-24 17:37:49,799 INFO exited: nginx (exit status 1; not expected)
2026-01-24 17:37:50,803 INFO spawned: 'nginx' with pid 131
2026-01-24 17:37:51,828 INFO success: nginx entered RUNNING state, process has stayed up for > than 1 seconds (startsecs)
2026-01-24 17:37:53,331 INFO exited: nginx (exit status 1; not expected)
2026-01-24 17:37:54,336 INFO spawned: 'nginx' with pid 132
2026-01-24 17:37:55,394 INFO success: nginx entered RUNNING state, process has stayed up for > than 1 seconds (startsecs)
2026-01-24 17:37:56,899 INFO exited: nginx (exit status 1; not expected)
2026-01-24 17:37:57,904 INFO spawned: 'nginx' with pid 133
2026-01-24 17:37:58,957 INFO success: nginx entered RUNNING state, process has stayed up for > than 1 seconds (startsecs)
2026-01-24 17:38:00,460 INFO exited: nginx (exit status 1; not expected)
2026-01-24 17:38:01,463 INFO spawned: 'nginx' with pid 134
2026-01-24 17:38:02,487 INFO success: nginx entered RUNNING state, process has stayed up for > than 1 seconds (startsecs)
2026-01-24 17:38:03,989 INFO exited: nginx (exit status 1; not expected)
2026-01-24 17:38:04,992 INFO spawned: 'nginx' with pid 135
2026-01-24 17:38:06,016 INFO success: nginx entered RUNNING state, process has stayed up for > than 1 seconds (startsecs)
2026-01-24 17:38:07,519 INFO exited: nginx (exit status 1; not expected)
2026-01-24 17:38:08,525 INFO spawned: 'nginx' with pid 136
2026-01-24 17:38:09,586 INFO success: nginx entered RUNNING state, process has stayed up for > than 1 seconds (startsecs)
2026-01-24 17:38:11,089 INFO exited: nginx (exit status 1; not expected)
2026-01-24 17:38:12,092 INFO spawned: 'nginx' with pid 137
2026-01-24 17:38:13,117 INFO success: nginx entered RUNNING state, process has stayed up for > than 1 seconds (startsecs)
2026-01-24 17:38:14,620 INFO exited: nginx (exit status 1; not expected)
2026-01-24 17:38:15,626 INFO spawned: 'nginx' with pid 138
2026-01-24 17:38:16,674 INFO success: nginx entered RUNNING state, process has stayed up for > than 1 seconds (startsecs)
2026-01-24 17:38:18,180 INFO exited: nginx (exit status 1; not expected)
2026-01-24 17:38:19,186 INFO spawned: 'nginx' with pid 139
2026-01-24 17:38:20,245 INFO success: nginx entered RUNNING state, process has stayed up for > than 1 seconds (startsecs)
2026-01-24 17:38:21,750 INFO exited: nginx (exit status 1; not expected)
2026-01-24 17:38:22,754 INFO spawned: 'nginx' with pid 140
2026-01-24 17:38:23,777 INFO success: nginx entered RUNNING state, process has stayed up for > than 1 seconds (startsecs)
2026-01-24 17:38:25,283 INFO exited: nginx (exit status 1; not expected)
2026-01-24 17:38:26,289 INFO spawned: 'nginx' with pid 141
2026-01-24 17:38:27,346 INFO success: nginx entered RUNNING state, process has stayed up for > than 1 seconds (startsecs)
2026-01-24 17:38:28,851 INFO exited: nginx (exit status 1; not expected)
2026-01-24 17:38:29,854 INFO spawned: 'nginx' with pid 142
2026-01-24 17:38:30,878 INFO success: nginx entered RUNNING state, process has stayed up for > than 1 seconds (startsecs)
2026-01-24 17:38:32,381 INFO exited: nginx (exit status 1; not expected)
2026-01-24 17:38:33,385 INFO spawned: 'nginx' with pid 143
2026-01-24 17:38:34,411 INFO success: nginx entered RUNNING state, process has stayed up for > than 1 seconds (startsecs)
2026-01-24 17:38:35,914 INFO exited: nginx (exit status 1; not expected)
2026-01-24 17:38:36,918 INFO spawned: 'nginx' with pid 144
2026-01-24 17:38:37,940 INFO success: nginx entered RUNNING state, process has stayed up for > than 1 seconds (startsecs)
2026-01-24 17:38:39,443 INFO exited: nginx (exit status 1; not expected)
2026-01-24 17:38:40,446 INFO spawned: 'nginx' with pid 145
2026-01-24 17:38:41,470 INFO success: nginx entered RUNNING state, process has stayed up for > than 1 seconds (startsecs)
2026-01-24 17:38:42,972 INFO exited: nginx (exit status 1; not expected)
2026-01-24 17:38:43,977 INFO spawned: 'nginx' with pid 146
2026-01-24 17:38:45,035 INFO success: nginx entered RUNNING state, process has stayed up for > than 1 seconds (startsecs)
2026-01-24 17:38:46,538 INFO exited: nginx (exit status 1; not expected)
2026-01-24 17:38:47,541 INFO spawned: 'nginx' with pid 147
2026-01-24 17:38:48,563 INFO success: nginx entered RUNNING state, process has stayed up for > than 1 seconds (startsecs)
2026-01-24 17:38:50,066 INFO exited: nginx (exit status 1; not expected)
2026-01-24 17:38:51,069 INFO spawned: 'nginx' with pid 148
2026-01-24 17:38:52,093 INFO success: nginx entered RUNNING state, process has stayed up for > than 1 seconds (startsecs)
2026-01-24 17:38:53,598 INFO exited: nginx (exit status 1; not expected)
2026-01-24 17:38:54,604 INFO spawned: 'nginx' with pid 149
2026-01-24 17:38:55,662 INFO success: nginx entered RUNNING state, process has stayed up for > than 1 seconds (startsecs)
2026-01-24 17:38:57,168 INFO exited: nginx (exit status 1; not expected)
2026-01-24 17:38:57,177 INFO spawned: 'nginx' with pid 150
2026-01-24 17:38:58,245 INFO success: nginx entered RUNNING state, process has stayed up for > than 1 seconds (startsecs)
2026-01-24 17:38:59,744 INFO exited: nginx (exit status 1; not expected)
2026-01-24 17:38:59,748 INFO spawned: 'nginx' with pid 151
2026-01-24 17:39:00,772 INFO success: nginx entered RUNNING state, process has stayed up for > than 1 seconds (startsecs)
2026-01-24 17:39:02,276 INFO exited: nginx (exit status 1; not expected)
2026-01-24 17:39:02,278 INFO spawned: 'nginx' with pid 152
2026-01-24 17:39:03,306 INFO success: nginx entered RUNNING state, process has stayed up for > than 1 seconds (startsecs)
2026-01-24 17:39:04,814 INFO exited: nginx (exit status 1; not expected)
2026-01-24 17:39:05,821 INFO spawned: 'nginx' with pid 153
2026-01-24 17:39:06,893 INFO success: nginx entered RUNNING state, process has stayed up for > than 1 seconds (startsecs)
2026-01-24 17:39:09,399 INFO exited: nginx (exit status 1; not expected)
2026-01-24 17:39:10,403 INFO spawned: 'nginx' with pid 154
2026-01-24 17:39:11,429 INFO success: nginx entered RUNNING state, process has stayed up for > than 1 seconds (startsecs)
2026-01-24 17:39:12,934 INFO exited: nginx (exit status 1; not expected)
2026-01-24 17:39:12,940 INFO spawned: 'nginx' with pid 155
2026-01-24 17:39:13,962 INFO success: nginx entered RUNNING state, process has stayed up for > than 1 seconds (startsecs)
2026-01-24 17:39:16,467 INFO exited: nginx (exit status 1; not expected)
2026-01-24 17:39:17,474 INFO spawned: 'nginx' with pid 156
2026-01-24 17:39:18,537 INFO success: nginx entered RUNNING state, process has stayed up for > than 1 seconds (startsecs)
2026-01-24 17:39:20,044 INFO exited: nginx (exit status 1; not expected)
2026-01-24 17:39:20,054 INFO spawned: 'nginx' with pid 157
2026-01-24 17:39:21,123 INFO success: nginx entered RUNNING state, process has stayed up for > than 1 seconds (startsecs)
2026-01-24 17:39:22,625 INFO exited: nginx (exit status 1; not expected)
2026-01-24 17:39:23,628 INFO spawned: 'nginx' with pid 158
2026-01-24 17:39:24,651 INFO success: nginx entered RUNNING state, process has stayed up for > than 1 seconds (startsecs)
2026-01-24 17:39:26,159 INFO exited: nginx (exit status 1; not expected)
2026-01-24 17:39:27,166 INFO spawned: 'nginx' with pid 159
2026-01-24 17:39:28,206 INFO success: nginx entered RUNNING state, process has stayed up for > than 1 seconds (startsecs)
2026-01-24 17:39:29,709 INFO exited: nginx (exit status 1; not expected)
2026-01-24 17:39:30,713 INFO spawned: 'nginx' with pid 160
2026-01-24 17:39:31,750 INFO success: nginx entered RUNNING state, process has stayed up for > than 1 seconds (startsecs)
2026-01-24 17:39:33,253 INFO exited: nginx (exit status 1; not expected)
2026-01-24 17:39:34,257 INFO spawned: 'nginx' with pid 161
2026-01-24 17:39:34,782 WARN received SIGTERM indicating exit request
2026-01-24 17:39:34,782 INFO waiting for nginx to die
2026-01-24 17:39:35,282 INFO success: nginx entered RUNNING state, process has stayed up for > than 1 seconds (startsecs)
2026-01-24 17:39:35,285 INFO stopped: nginx (terminated by SIGTERM)
